Hour Year,Export Rates
1,0.09
2,0.09
3,0.08
4,0.08
5,0.09
6,0.09
7,0.09
8,0.09
9,0.07
10,0.07
11,0.06
12,0.06
13,0.06
14,0.06
15,0.06
16,0.06
17,0.08
18,0.11
19,0.1
20,0.09
21,0.09
22,0.09
23,0.09
24,0.09
25,0.09
26,0.09
27,0.08
28,0.08
29,0.09
30,0.09
31,0.09
32,0.09
33,0.07
34,0.07
35,0.06
36,0.06
37,0.06
38,0.06
39,0.06
40,0.06
41,0.08
42,0.11
43,0.1
44,0.09
45,0.09
46,0.09
47,0.09
48,0.09
49,0.09
50,0.09
51,0.09
52,0.08
53,0.08
54,0.08
55,0.09
56,0.08
57,0.06
58,0.05
59,0.05
60,0.05
61,0.05
62,0.05
63,0.05
64,0.05
65,0.08
66,0.1
67,0.09
68,0.09
69,0.08
70,0.08
71,0.09
72,0.08
73,0.09
74,0.09
75,0.09
76,0.08
77,0.08
78,0.08
79,0.09
80,0.08
81,0.06
82,0.05
83,0.05
84,0.05
85,0.05
86,0.05
87,0.05
88,0.05
89,0.08
90,0.1
91,0.09
92,0.09
93,0.08
94,0.08
95,0.09
96,0.08
97,0.09
98,0.09
99,0.08
100,0.08
101,0.09
102,0.09
103,0.09
104,0.09
105,0.07
106,0.07
107,0.06
108,0.06
109,0.06
110,0.06
111,0.06
112,0.06
113,0.08
114,0.11
115,0.1
116,0.09
117,0.09
118,0.09
119,0.09
120,0.09
121,0.09
122,0.09
123,0.08
124,0.08
125,0.09
126,0.09
127,0.09
128,0.09
129,0.07
130,0.07
131,0.06
132,0.06
133,0.06
134,0.06
135,0.06
136,0.06
137,0.08
138,0.11
139,0.1
140,0.09
141,0.09
142,0.09
143,0.09
144,0.09
145,0.09
146,0.09
147,0.08
148,0.08
149,0.09
150,0.09
151,0.09
152,0.09
153,0.07
154,0.07
155,0.06
156,0.06
157,0.06
158,0.06
159,0.06
160,0.06
161,0.08
162,0.11
163,0.1
164,0.09
165,0.09
166,0.09
167,0.09
168,0.09
169,0.09
170,0.09
171,0.08
172,0.08
173,0.09
174,0.09
175,0.09
176,0.09
177,0.07
178,0.07
179,0.06
180,0.06
181,0.06
182,0.06
183,0.06
184,0.06
185,0.08
186,0.11
187,0.1
188,0.09
189,0.09
190,0.09
191,0.09
192,0.09
193,0.09
194,0.09
195,0.08
196,0.08
197,0.09
198,0.09
199,0.09
200,0.09
201,0.07
202,0.07
203,0.06
204,0.06
205,0.06
206,0.06
207,0.06
208,0.06
209,0.08
210,0.11
211,0.1
212,0.09
213,0.09
214,0.09
215,0.09
216,0.09
217,0.09
218,0.09
219,0.09
220,0.08
221,0.08
222,0.08
223,0.09
224,0.08
225,0.06
226,0.05
227,0.05
228,0.05
229,0.05
230,0.05
231,0.05
232,0.05
233,0.08
234,0.1
235,0.09
236,0.09
237,0.08
238,0.08
239,0.09
240,0.08
241,0.09
242,0.09
243,0.09
244,0.08
245,0.08
246,0.08
247,0.09
248,0.08
249,0.06
250,0.05
251,0.05
252,0.05
253,0.05
254,0.05
255,0.05
256,0.05
257,0.08
258,0.1
259,0.09
260,0.09
261,0.08
262,0.08
263,0.09
264,0.08
265,0.09
266,0.09
267,0.08
268,0.08
269,0.09
270,0.09
271,0.09
272,0.09
273,0.07
274,0.07
275,0.06
276,0.06
277,0.06
278,0.06
279,0.06
280,0.06
281,0.08
282,0.11
283,0.1
284,0.09
285,0.09
286,0.09
287,0.09
288,0.09
289,0.09
290,0.09
291,0.08
292,0.08
293,0.09
294,0.09
295,0.09
296,0.09
297,0.07
298,0.07
299,0.06
300,0.06
301,0.06
302,0.06
303,0.06
304,0.06
305,0.08
306,0.11
307,0.1
308,0.09
309,0.09
310,0.09
311,0.09
312,0.09
313,0.09
314,0.09
315,0.08
316,0.08
317,0.09
318,0.09
319,0.09
320,0.09
321,0.07
322,0.07
323,0.06
324,0.06
325,0.06
326,0.06
327,0.06
328,0.06
329,0.08
330,0.11
331,0.1
332,0.09
333,0.09
334,0.09
335,0.09
336,0.09
337,0.09
338,0.09
339,0.08
340,0.08
341,0.09
342,0.09
343,0.09
344,0.09
345,0.07
346,0.07
347,0.06
348,0.06
349,0.06
350,0.06
351,0.06
352,0.06
353,0.08
354,0.11
355,0.1
356,0.09
357,0.09
358,0.09
359,0.09
360,0.09
361,0.09
362,0.09
363,0.08
364,0.08
365,0.09
366,0.09
367,0.09
368,0.09
369,0.07
370,0.07
371,0.06
372,0.06
373,0.06
374,0.06
375,0.06
376,0.06
377,0.08
378,0.11
379,0.1
380,0.09
381,0.09
382,0.09
383,0.09
384,0.09
385,0.09
386,0.09
387,0.09
388,0.08
389,0.08
390,0.08
391,0.09
392,0.08
393,0.06
394,0.05
395,0.05
396,0.05
397,0.05
398,0.05
399,0.05
400,0.05
401,0.08
402,0.1
403,0.09
404,0.09
405,0.08
406,0.08
407,0.09
408,0.08
409,0.09
410,0.09
411,0.09
412,0.08
413,0.08
414,0.08
415,0.09
416,0.08
417,0.06
418,0.05
419,0.05
420,0.05
421,0.05
422,0.05
423,0.05
424,0.05
425,0.08
426,0.1
427,0.09
428,0.09
429,0.08
430,0.08
431,0.09
432,0.08
433,0.09
434,0.09
435,0.08
436,0.08
437,0.09
438,0.09
439,0.09
440,0.09
441,0.07
442,0.07
443,0.06
444,0.06
445,0.06
446,0.06
447,0.06
448,0.06
449,0.08
450,0.11
451,0.1
452,0.09
453,0.09
454,0.09
455,0.09
456,0.09
457,0.09
458,0.09
459,0.08
460,0.08
461,0.09
462,0.09
463,0.09
464,0.09
465,0.07
466,0.07
467,0.06
468,0.06
469,0.06
470,0.06
471,0.06
472,0.06
473,0.08
474,0.11
475,0.1
476,0.09
477,0.09
478,0.09
479,0.09
480,0.09
481,0.09
482,0.09
483,0.08
484,0.08
485,0.09
486,0.09
487,0.09
488,0.09
489,0.07
490,0.07
491,0.06
492,0.06
493,0.06
494,0.06
495,0.06
496,0.06
497,0.08
498,0.11
499,0.1
500,0.09
501,0.09
502,0.09
503,0.09
504,0.09
505,0.09
506,0.09
507,0.08
508,0.08
509,0.09
510,0.09
511,0.09
512,0.09
513,0.07
514,0.07
515,0.06
516,0.06
517,0.06
518,0.06
519,0.06
520,0.06
521,0.08
522,0.11
523,0.1
524,0.09
525,0.09
526,0.09
527,0.09
528,0.09
529,0.09
530,0.09
531,0.08
532,0.08
533,0.09
534,0.09
535,0.09
536,0.09
537,0.07
538,0.07
539,0.06
540,0.06
541,0.06
542,0.06
543,0.06
544,0.06
545,0.08
546,0.11
547,0.1
548,0.09
549,0.09
550,0.09
551,0.09
552,0.09
553,0.09
554,0.09
555,0.09
556,0.08
557,0.08
558,0.08
559,0.09
560,0.08
561,0.06
562,0.05
563,0.05
564,0.05
565,0.05
566,0.05
567,0.05
568,0.05
569,0.08
570,0.1
571,0.09
572,0.09
573,0.08
574,0.08
575,0.09
576,0.08
577,0.09
578,0.09
579,0.09
580,0.08
581,0.08
582,0.08
583,0.09
584,0.08
585,0.06
586,0.05
587,0.05
588,0.05
589,0.05
590,0.05
591,0.05
592,0.05
593,0.08
594,0.1
595,0.09
596,0.09
597,0.08
598,0.08
599,0.09
600,0.08
601,0.09
602,0.09
603,0.08
604,0.08
605,0.09
606,0.09
607,0.09
608,0.09
609,0.07
610,0.07
611,0.06
612,0.06
613,0.06
614,0.06
615,0.06
616,0.06
617,0.08
618,0.11
619,0.1
620,0.09
621,0.09
622,0.09
623,0.09
624,0.09
625,0.09
626,0.09
627,0.08
628,0.08
629,0.09
630,0.09
631,0.09
632,0.09
633,0.07
634,0.07
635,0.06
636,0.06
637,0.06
638,0.06
639,0.06
640,0.06
641,0.08
642,0.11
643,0.1
644,0.09
645,0.09
646,0.09
647,0.09
648,0.09
649,0.09
650,0.09
651,0.08
652,0.08
653,0.09
654,0.09
655,0.09
656,0.09
657,0.07
658,0.07
659,0.06
660,0.06
661,0.06
662,0.06
663,0.06
664,0.06
665,0.08
666,0.11
667,0.1
668,0.09
669,0.09
670,0.09
671,0.09
672,0.09
673,0.09
674,0.09
675,0.08
676,0.08
677,0.09
678,0.09
679,0.09
680,0.09
681,0.07
682,0.07
683,0.06
684,0.06
685,0.06
686,0.06
687,0.06
688,0.06
689,0.08
690,0.11
691,0.1
692,0.09
693,0.09
694,0.09
695,0.09
696,0.09
697,0.09
698,0.09
699,0.08
700,0.08
701,0.09
702,0.09
703,0.09
704,0.09
705,0.07
706,0.07
707,0.06
708,0.06
709,0.06
710,0.06
711,0.06
712,0.06
713,0.08
714,0.11
715,0.1
716,0.09
717,0.09
718,0.09
719,0.09
720,0.09
721,0.09
722,0.09
723,0.09
724,0.08
725,0.08
726,0.08
727,0.09
728,0.08
729,0.06
730,0.05
731,0.05
732,0.05
733,0.05
734,0.05
735,0.05
736,0.05
737,0.08
738,0.1
739,0.09
740,0.09
741,0.08
742,0.08
743,0.09
744,0.08
745,0.08
746,0.08
747,0.08
748,0.08
749,0.08
750,0.08
751,0.08
752,0.07
753,0.04
754,0.02
755,0.02
756,0.02
757,0.02
758,0.02
759,0.02
760,0.01
761,0.05
762,0.1
763,0.1
764,0.09
765,0.09
766,0.08
767,0.08
768,0.09
769,0.09
770,0.09
771,0.09
772,0.09
773,0.09
774,0.09
775,0.09
776,0.08
777,0.06
778,0.05
779,0.05
780,0.05
781,0.05
782,0.04
783,0.03
784,0.03
785,0.07
786,0.11
787,0.09
788,0.09
789,0.09
790,0.08
791,0.09
792,0.09
793,0.09
794,0.09
795,0.09
796,0.09
797,0.09
798,0.09
799,0.09
800,0.08
801,0.06
802,0.05
803,0.05
804,0.05
805,0.05
806,0.04
807,0.03
808,0.03
809,0.07
810,0.11
811,0.09
812,0.09
813,0.09
814,0.08
815,0.09
816,0.09
817,0.09
818,0.09
819,0.09
820,0.09
821,0.09
822,0.09
823,0.09
824,0.08
825,0.06
826,0.05
827,0.05
828,0.05
829,0.05
830,0.04
831,0.03
832,0.03
833,0.07
834,0.11
835,0.09
836,0.09
837,0.09
838,0.08
839,0.09
840,0.09
841,0.09
842,0.09
843,0.09
844,0.09
845,0.09
846,0.09
847,0.09
848,0.08
849,0.06
850,0.05
851,0.05
852,0.05
853,0.05
854,0.04
855,0.03
856,0.03
857,0.07
858,0.11
859,0.09
860,0.09
861,0.09
862,0.08
863,0.09
864,0.09
865,0.09
866,0.09
867,0.09
868,0.09
869,0.09
870,0.09
871,0.09
872,0.08
873,0.06
874,0.05
875,0.05
876,0.05
877,0.05
878,0.04
879,0.03
880,0.03
881,0.07
882,0.11
883,0.09
884,0.09
885,0.09
886,0.08
887,0.09
888,0.09
889,0.08
890,0.08
891,0.08
892,0.08
893,0.08
894,0.08
895,0.08
896,0.07
897,0.04
898,0.02
899,0.02
900,0.02
901,0.02
902,0.02
903,0.02
904,0.01
905,0.05
906,0.1
907,0.1
908,0.09
909,0.09
910,0.08
911,0.08
912,0.09
913,0.08
914,0.08
915,0.08
916,0.08
917,0.08
918,0.08
919,0.08
920,0.07
921,0.04
922,0.02
923,0.02
924,0.02
925,0.02
926,0.02
927,0.02
928,0.01
929,0.05
930,0.1
931,0.1
932,0.09
933,0.09
934,0.08
935,0.08
936,0.09
937,0.09
938,0.09
939,0.09
940,0.09
941,0.09
942,0.09
943,0.09
944,0.08
945,0.06
946,0.05
947,0.05
948,0.05
949,0.05
950,0.04
951,0.03
952,0.03
953,0.07
954,0.11
955,0.09
956,0.09
957,0.09
958,0.08
959,0.09
960,0.09
961,0.09
962,0.09
963,0.09
964,0.09
965,0.09
966,0.09
967,0.09
968,0.08
969,0.06
970,0.05
971,0.05
972,0.05
973,0.05
974,0.04
975,0.03
976,0.03
977,0.07
978,0.11
979,0.09
980,0.09
981,0.09
982,0.08
983,0.09
984,0.09
985,0.09
986,0.09
987,0.09
988,0.09
989,0.09
990,0.09
991,0.09
992,0.08
993,0.06
994,0.05
995,0.05
996,0.05
997,0.05
998,0.04
999,0.03
1000,0.03
1001,0.07
1002,0.11
1003,0.09
1004,0.09
1005,0.09
1006,0.08
1007,0.09
1008,0.09
1009,0.09
1010,0.09
1011,0.09
1012,0.09
1013,0.09
1014,0.09
1015,0.09
1016,0.08
1017,0.06
1018,0.05
1019,0.05
1020,0.05
1021,0.05
1022,0.04
1023,0.03
1024,0.03
1025,0.07
1026,0.11
1027,0.09
1028,0.09
1029,0.09
1030,0.08
1031,0.09
1032,0.09
1033,0.09
1034,0.09
1035,0.09
1036,0.09
1037,0.09
1038,0.09
1039,0.09
1040,0.08
1041,0.06
1042,0.05
1043,0.05
1044,0.05
1045,0.05
1046,0.04
1047,0.03
1048,0.03
1049,0.07
1050,0.11
1051,0.09
1052,0.09
1053,0.09
1054,0.08
1055,0.09
1056,0.09
1057,0.08
1058,0.08
1059,0.08
1060,0.08
1061,0.08
1062,0.08
1063,0.08
1064,0.07
1065,0.04
1066,0.02
1067,0.02
1068,0.02
1069,0.02
1070,0.02
1071,0.02
1072,0.01
1073,0.05
1074,0.1
1075,0.1
1076,0.09
1077,0.09
1078,0.08
1079,0.08
1080,0.09
1081,0.08
1082,0.08
1083,0.08
1084,0.08
1085,0.08
1086,0.08
1087,0.08
1088,0.07
1089,0.04
1090,0.02
1091,0.02
1092,0.02
1093,0.02
1094,0.02
1095,0.02
1096,0.01
1097,0.05
1098,0.1
1099,0.1
1100,0.09
1101,0.09
1102,0.08
1103,0.08
1104,0.09
1105,0.09
1106,0.09
1107,0.09
1108,0.09
1109,0.09
1110,0.09
1111,0.09
1112,0.08
1113,0.06
1114,0.05
1115,0.05
1116,0.05
1117,0.05
1118,0.04
1119,0.03
1120,0.03
1121,0.07
1122,0.11
1123,0.09
1124,0.09
1125,0.09
1126,0.08
1127,0.09
1128,0.09
1129,0.09
1130,0.09
1131,0.09
1132,0.09
1133,0.09
1134,0.09
1135,0.09
1136,0.08
1137,0.06
1138,0.05
1139,0.05
1140,0.05
1141,0.05
1142,0.04
1143,0.03
1144,0.03
1145,0.07
1146,0.11
1147,0.09
1148,0.09
1149,0.09
1150,0.08
1151,0.09
1152,0.09
1153,0.09
1154,0.09
1155,0.09
1156,0.09
1157,0.09
1158,0.09
1159,0.09
1160,0.08
1161,0.06
1162,0.05
1163,0.05
1164,0.05
1165,0.05
1166,0.04
1167,0.03
1168,0.03
1169,0.07
1170,0.11
1171,0.09
1172,0.09
1173,0.09
1174,0.08
1175,0.09
1176,0.09
1177,0.09
1178,0.09
1179,0.09
1180,0.09
1181,0.09
1182,0.09
1183,0.09
1184,0.08
1185,0.06
1186,0.05
1187,0.05
1188,0.05
1189,0.05
1190,0.04
1191,0.03
1192,0.03
1193,0.07
1194,0.11
1195,0.09
1196,0.09
1197,0.09
1198,0.08
1199,0.09
1200,0.09
1201,0.09
1202,0.09
1203,0.09
1204,0.09
1205,0.09
1206,0.09
1207,0.09
1208,0.08
1209,0.06
1210,0.05
1211,0.05
1212,0.05
1213,0.05
1214,0.04
1215,0.03
1216,0.03
1217,0.07
1218,0.11
1219,0.09
1220,0.09
1221,0.09
1222,0.08
1223,0.09
1224,0.09
1225,0.08
1226,0.08
1227,0.08
1228,0.08
1229,0.08
1230,0.08
1231,0.08
1232,0.07
1233,0.04
1234,0.02
1235,0.02
1236,0.02
1237,0.02
1238,0.02
1239,0.02
1240,0.01
1241,0.05
1242,0.1
1243,0.1
1244,0.09
1245,0.09
1246,0.08
1247,0.08
1248,0.09
1249,0.08
1250,0.08
1251,0.08
1252,0.08
1253,0.08
1254,0.08
1255,0.08
1256,0.07
1257,0.04
1258,0.02
1259,0.02
1260,0.02
1261,0.02
1262,0.02
1263,0.02
1264,0.01
1265,0.05
1266,0.1
1267,0.1
1268,0.09
1269,0.09
1270,0.08
1271,0.08
1272,0.09
1273,0.09
1274,0.09
1275,0.09
1276,0.09
1277,0.09
1278,0.09
1279,0.09
1280,0.08
1281,0.06
1282,0.05
1283,0.05
1284,0.05
1285,0.05
1286,0.04
1287,0.03
1288,0.03
1289,0.07
1290,0.11
1291,0.09
1292,0.09
1293,0.09
1294,0.08
1295,0.09
1296,0.09
1297,0.09
1298,0.09
1299,0.09
1300,0.09
1301,0.09
1302,0.09
1303,0.09
1304,0.08
1305,0.06
1306,0.05
1307,0.05
1308,0.05
1309,0.05
1310,0.04
1311,0.03
1312,0.03
1313,0.07
1314,0.11
1315,0.09
1316,0.09
1317,0.09
1318,0.08
1319,0.09
1320,0.09
1321,0.09
1322,0.09
1323,0.09
1324,0.09
1325,0.09
1326,0.09
1327,0.09
1328,0.08
1329,0.06
1330,0.05
1331,0.05
1332,0.05
1333,0.05
1334,0.04
1335,0.03
1336,0.03
1337,0.07
1338,0.11
1339,0.09
1340,0.09
1341,0.09
1342,0.08
1343,0.09
1344,0.09
1345,0.09
1346,0.09
1347,0.09
1348,0.09
1349,0.09
1350,0.09
1351,0.09
1352,0.08
1353,0.06
1354,0.05
1355,0.05
1356,0.05
1357,0.05
1358,0.04
1359,0.03
1360,0.03
1361,0.07
1362,0.11
1363,0.09
1364,0.09
1365,0.09
1366,0.08
1367,0.09
1368,0.09
1369,0.09
1370,0.09
1371,0.09
1372,0.09
1373,0.09
1374,0.09
1375,0.09
1376,0.08
1377,0.06
1378,0.05
1379,0.05
1380,0.05
1381,0.05
1382,0.04
1383,0.03
1384,0.03
1385,0.07
1386,0.11
1387,0.09
1388,0.09
1389,0.09
1390,0.08
1391,0.09
1392,0.09
1393,0.08
1394,0.08
1395,0.08
1396,0.08
1397,0.08
1398,0.08
1399,0.08
1400,0.07
1401,0.04
1402,0.02
1403,0.02
1404,0.02
1405,0.02
1406,0.02
1407,0.02
1408,0.01
1409,0.05
1410,0.1
1411,0.1
1412,0.09
1413,0.09
1414,0.08
1415,0.08
1416,0.09
1417,0.07
1418,0.07
1419,0.07
1420,0.07
1421,0.07
1422,0.07
1423,0.06
1424,0.02
1425,0.01
1426,0.0
1427,0.0
1428,0.0
1429,0.0
1430,0.0
1431,0.0
1432,0.0
1433,0.02
1434,0.07
1435,0.07
1436,0.07
1437,0.07
1438,0.07
1439,0.07
1440,0.07
1441,0.07
1442,0.07
1443,0.06
1444,0.07
1445,0.07
1446,0.07
1447,0.07
1448,0.05
1449,0.02
1450,0.02
1451,0.02
1452,0.02
1453,0.01
1454,0.01
1455,0.01
1456,0.01
1457,0.05
1458,0.08
1459,0.08
1460,0.08
1461,0.07
1462,0.07
1463,0.07
1464,0.07
1465,0.07
1466,0.07
1467,0.06
1468,0.07
1469,0.07
1470,0.07
1471,0.07
1472,0.05
1473,0.02
1474,0.02
1475,0.02
1476,0.02
1477,0.01
1478,0.01
1479,0.01
1480,0.01
1481,0.05
1482,0.08
1483,0.08
1484,0.08
1485,0.07
1486,0.07
1487,0.07
1488,0.07
1489,0.07
1490,0.07
1491,0.06
1492,0.07
1493,0.07
1494,0.07
1495,0.07
1496,0.05
1497,0.02
1498,0.02
1499,0.02
1500,0.02
1501,0.01
1502,0.01
1503,0.01
1504,0.01
1505,0.05
1506,0.08
1507,0.08
1508,0.08
1509,0.07
1510,0.07
1511,0.07
1512,0.07
1513,0.07
1514,0.07
1515,0.06
1516,0.07
1517,0.07
1518,0.07
1519,0.07
1520,0.05
1521,0.02
1522,0.02
1523,0.02
1524,0.02
1525,0.01
1526,0.01
1527,0.01
1528,0.01
1529,0.05
1530,0.08
1531,0.08
1532,0.08
1533,0.07
1534,0.07
1535,0.07
1536,0.07
1537,0.07
1538,0.07
1539,0.06
1540,0.07
1541,0.07
1542,0.07
1543,0.07
1544,0.05
1545,0.02
1546,0.02
1547,0.02
1548,0.02
1549,0.01
1550,0.01
1551,0.01
1552,0.01
1553,0.05
1554,0.08
1555,0.08
1556,0.08
1557,0.07
1558,0.07
1559,0.07
1560,0.07
1561,0.07
1562,0.07
1563,0.07
1564,0.07
1565,0.07
1566,0.07
1567,0.06
1568,0.02
1569,0.01
1570,0.0
1571,0.0
1572,0.0
1573,0.0
1574,0.0
1575,0.0
1576,0.0
1577,0.02
1578,0.07
1579,0.07
1580,0.07
1581,0.07
1582,0.07
1583,0.07
1584,0.07
1585,0.07
1586,0.07
1587,0.07
1588,0.07
1589,0.07
1590,0.07
1591,0.06
1592,0.02
1593,0.01
1594,0.0
1595,0.0
1596,0.0
1597,0.0
1598,0.0
1599,0.0
1600,0.0
1601,0.02
1602,0.07
1603,0.07
1604,0.07
1605,0.07
1606,0.07
1607,0.07
1608,0.07
1609,0.07
1610,0.07
1611,0.06
1612,0.07
1613,0.07
1614,0.07
1615,0.07
1616,0.05
1617,0.02
1618,0.02
1619,0.02
1620,0.02
1621,0.01
1622,0.01
1623,0.01
1624,0.01
1625,0.05
1626,0.08
1627,0.08
1628,0.08
1629,0.07
1630,0.07
1631,0.07
1632,0.07
1633,0.07
1634,0.07
1635,0.06
1636,0.07
1637,0.07
1638,0.07
1639,0.07
1640,0.05
1641,0.02
1642,0.02
1643,0.02
1644,0.02
1645,0.01
1646,0.01
1647,0.01
1648,0.01
1649,0.05
1650,0.08
1651,0.08
1652,0.08
1653,0.07
1654,0.07
1655,0.07
1656,0.07
1657,0.07
1658,0.07
1659,0.06
1660,0.07
1661,0.07
1662,0.07
1663,0.07
1664,0.05
1665,0.02
1666,0.02
1667,0.02
1668,0.02
1669,0.01
1670,0.01
1671,0.01
1672,0.01
1673,0.05
1674,0.08
1675,0.08
1676,0.08
1677,0.07
1678,0.07
1679,0.07
1680,0.07
1681,0.07
1682,0.07
1683,0.06
1684,0.07
1685,0.07
1686,0.07
1687,0.07
1688,0.05
1689,0.02
1690,0.02
1691,0.02
1692,0.02
1693,0.01
1694,0.01
1695,0.01
1696,0.01
1697,0.05
1698,0.08
1699,0.08
1700,0.08
1701,0.07
1702,0.07
1703,0.07
1704,0.07
1705,0.07
1706,0.07
1707,0.06
1708,0.07
1709,0.07
1710,0.07
1711,0.07
1712,0.05
1713,0.02
1714,0.02
1715,0.02
1716,0.02
1717,0.01
1718,0.01
1719,0.01
1720,0.01
1721,0.05
1722,0.08
1723,0.08
1724,0.08
1725,0.07
1726,0.07
1727,0.07
1728,0.07
1729,0.07
1730,0.07
1731,0.07
1732,0.07
1733,0.07
1734,0.07
1735,0.06
1736,0.02
1737,0.01
1738,0.0
1739,0.0
1740,0.0
1741,0.0
1742,0.0
1743,0.0
1744,0.0
1745,0.02
1746,0.07
1747,0.07
1748,0.07
1749,0.07
1750,0.07
1751,0.07
1752,0.07
1753,0.07
1754,0.07
1755,0.07
1756,0.07
1757,0.07
1758,0.07
1759,0.06
1760,0.02
1761,0.01
1762,0.0
1763,0.0
1764,0.0
1765,0.0
1766,0.0
1767,0.0
1768,0.0
1769,0.02
1770,0.07
1771,0.07
1772,0.07
1773,0.07
1774,0.07
1775,0.07
1776,0.07
1777,0.07
1778,0.07
1779,0.06
1780,0.07
1781,0.07
1782,0.07
1783,0.07
1784,0.05
1785,0.02
1786,0.02
1787,0.02
1788,0.02
1789,0.01
1790,0.01
1791,0.01
1792,0.01
1793,0.05
1794,0.08
1795,0.08
1796,0.08
1797,0.07
1798,0.07
1799,0.07
1800,0.07
1801,0.07
1802,0.07
1803,0.06
1804,0.07
1805,0.07
1806,0.07
1807,0.07
1808,0.05
1809,0.02
1810,0.02
1811,0.02
1812,0.02
1813,0.01
1814,0.01
1815,0.01
1816,0.01
1817,0.05
1818,0.08
1819,0.08
1820,0.08
1821,0.07
1822,0.07
1823,0.07
1824,0.07
1825,0.07
1826,0.07
1827,0.06
1828,0.07
1829,0.07
1830,0.07
1831,0.07
1832,0.05
1833,0.02
1834,0.02
1835,0.02
1836,0.02
1837,0.01
1838,0.01
1839,0.01
1840,0.01
1841,0.05
1842,0.08
1843,0.08
1844,0.08
1845,0.07
1846,0.07
1847,0.07
1848,0.07
1849,0.07
1850,0.07
1851,0.06
1852,0.07
1853,0.07
1854,0.07
1855,0.07
1856,0.05
1857,0.02
1858,0.02
1859,0.02
1860,0.02
1861,0.01
1862,0.01
1863,0.01
1864,0.01
1865,0.05
1866,0.08
1867,0.08
1868,0.08
1869,0.07
1870,0.07
1871,0.07
1872,0.07
1873,0.07
1874,0.07
1875,0.06
1876,0.07
1877,0.07
1878,0.07
1879,0.07
1880,0.05
1881,0.02
1882,0.02
1883,0.02
1884,0.02
1885,0.01
1886,0.01
1887,0.01
1888,0.01
1889,0.05
1890,0.08
1891,0.08
1892,0.08
1893,0.07
1894,0.07
1895,0.07
1896,0.07
1897,0.07
1898,0.07
1899,0.07
1900,0.07
1901,0.07
1902,0.07
1903,0.06
1904,0.02
1905,0.01
1906,0.0
1907,0.0
1908,0.0
1909,0.0
1910,0.0
1911,0.0
1912,0.0
1913,0.02
1914,0.07
1915,0.07
1916,0.07
1917,0.07
1918,0.07
1919,0.07
1920,0.07
1921,0.07
1922,0.07
1923,0.07
1924,0.07
1925,0.07
1926,0.07
1927,0.06
1928,0.02
1929,0.01
1930,0.0
1931,0.0
1932,0.0
1933,0.0
1934,0.0
1935,0.0
1936,0.0
1937,0.02
1938,0.07
1939,0.07
1940,0.07
1941,0.07
1942,0.07
1943,0.07
1944,0.07
1945,0.07
1946,0.07
1947,0.06
1948,0.07
1949,0.07
1950,0.07
1951,0.07
1952,0.05
1953,0.02
1954,0.02
1955,0.02
1956,0.02
1957,0.01
1958,0.01
1959,0.01
1960,0.01
1961,0.05
1962,0.08
1963,0.08
1964,0.08
1965,0.07
1966,0.07
1967,0.07
1968,0.07
1969,0.07
1970,0.07
1971,0.06
1972,0.07
1973,0.07
1974,0.07
1975,0.07
1976,0.05
1977,0.02
1978,0.02
1979,0.02
1980,0.02
1981,0.01
1982,0.01
1983,0.01
1984,0.01
1985,0.05
1986,0.08
1987,0.08
1988,0.08
1989,0.07
1990,0.07
1991,0.07
1992,0.07
1993,0.07
1994,0.07
1995,0.06
1996,0.07
1997,0.07
1998,0.07
1999,0.07
2000,0.05
2001,0.02
2002,0.02
2003,0.02
2004,0.02
2005,0.01
2006,0.01
2007,0.01
2008,0.01
2009,0.05
2010,0.08
2011,0.08
2012,0.08
2013,0.07
2014,0.07
2015,0.07
2016,0.07
2017,0.07
2018,0.07
2019,0.06
2020,0.07
2021,0.07
2022,0.07
2023,0.07
2024,0.05
2025,0.02
2026,0.02
2027,0.02
2028,0.02
2029,0.01
2030,0.01
2031,0.01
2032,0.01
2033,0.05
2034,0.08
2035,0.08
2036,0.08
2037,0.07
2038,0.07
2039,0.07
2040,0.07
2041,0.07
2042,0.07
2043,0.06
2044,0.07
2045,0.07
2046,0.07
2047,0.07
2048,0.05
2049,0.02
2050,0.02
2051,0.02
2052,0.02
2053,0.01
2054,0.01
2055,0.01
2056,0.01
2057,0.05
2058,0.08
2059,0.08
2060,0.08
2061,0.07
2062,0.07
2063,0.07
2064,0.07
2065,0.07
2066,0.07
2067,0.07
2068,0.07
2069,0.07
2070,0.07
2071,0.06
2072,0.02
2073,0.01
2074,0.0
2075,0.0
2076,0.0
2077,0.0
2078,0.0
2079,0.0
2080,0.0
2081,0.02
2082,0.07
2083,0.07
2084,0.07
2085,0.07
2086,0.07
2087,0.07
2088,0.07
2089,0.07
2090,0.07
2091,0.07
2092,0.07
2093,0.07
2094,0.07
2095,0.06
2096,0.02
2097,0.01
2098,0.0
2099,0.0
2100,0.0
2101,0.0
2102,0.0
2103,0.0
2104,0.0
2105,0.02
2106,0.07
2107,0.07
2108,0.07
2109,0.07
2110,0.07
2111,0.07
2112,0.07
2113,0.07
2114,0.07
2115,0.06
2116,0.07
2117,0.07
2118,0.07
2119,0.07
2120,0.05
2121,0.02
2122,0.02
2123,0.02
2124,0.02
2125,0.01
2126,0.01
2127,0.01
2128,0.01
2129,0.05
2130,0.08
2131,0.08
2132,0.08
2133,0.07
2134,0.07
2135,0.07
2136,0.07
2137,0.07
2138,0.07
2139,0.06
2140,0.07
2141,0.07
2142,0.07
2143,0.07
2144,0.05
2145,0.02
2146,0.02
2147,0.02
2148,0.02
2149,0.01
2150,0.01
2151,0.01
2152,0.01
2153,0.05
2154,0.08
2155,0.08
2156,0.08
2157,0.07
2158,0.07
2159,0.07
2160,0.07
2161,0.07
2162,0.08
2163,0.07
2164,0.07
2165,0.08
2166,0.07
2167,0.05
2168,0.01
2169,0.0
2170,0.01
2171,0.01
2172,0.0
2173,0.0
2174,0.0
2175,0.0
2176,0.0
2177,0.01
2178,0.07
2179,0.07
2180,0.07
2181,0.07
2182,0.07
2183,0.07
2184,0.07
2185,0.07
2186,0.08
2187,0.07
2188,0.07
2189,0.08
2190,0.07
2191,0.05
2192,0.01
2193,0.0
2194,0.01
2195,0.01
2196,0.0
2197,0.0
2198,0.0
2199,0.0
2200,0.0
2201,0.01
2202,0.07
2203,0.07
2204,0.07
2205,0.07
2206,0.07
2207,0.07
2208,0.07
2209,0.07
2210,0.08
2211,0.07
2212,0.07
2213,0.08
2214,0.07
2215,0.05
2216,0.01
2217,0.0
2218,0.01
2219,0.01
2220,0.0
2221,0.0
2222,0.0
2223,0.0
2224,0.0
2225,0.01
2226,0.07
2227,0.07
2228,0.07
2229,0.07
2230,0.07
2231,0.07
2232,0.07
2233,0.06
2234,0.07
2235,0.08
2236,0.07
2237,0.07
2238,0.07
2239,0.04
2240,0.0
2241,0.0
2242,0.01
2243,0.0
2244,0.0
2245,0.0
2246,0.0
2247,0.0
2248,0.0
2249,0.0
2250,0.07
2251,0.08
2252,0.07
2253,0.07
2254,0.07
2255,0.07
2256,0.07
2257,0.06
2258,0.07
2259,0.08
2260,0.07
2261,0.07
2262,0.07
2263,0.04
2264,0.0
2265,0.0
2266,0.01
2267,0.0
2268,0.0
2269,0.0
2270,0.0
2271,0.0
2272,0.0
2273,0.0
2274,0.07
2275,0.08
2276,0.07
2277,0.07
2278,0.07
2279,0.07
2280,0.07
2281,0.07
2282,0.08
2283,0.07
2284,0.07
2285,0.08
2286,0.07
2287,0.05
2288,0.01
2289,0.0
2290,0.01
2291,0.01
2292,0.0
2293,0.0
2294,0.0
2295,0.0
2296,0.0
2297,0.01
2298,0.07
2299,0.07
2300,0.07
2301,0.07
2302,0.07
2303,0.07
2304,0.07
2305,0.07
2306,0.08
2307,0.07
2308,0.07
2309,0.08
2310,0.07
2311,0.05
2312,0.01
2313,0.0
2314,0.01
2315,0.01
2316,0.0
2317,0.0
2318,0.0
2319,0.0
2320,0.0
2321,0.01
2322,0.07
2323,0.07
2324,0.07
2325,0.07
2326,0.07
2327,0.07
2328,0.07
2329,0.07
2330,0.08
2331,0.07
2332,0.07
2333,0.08
2334,0.07
2335,0.05
2336,0.01
2337,0.0
2338,0.01
2339,0.01
2340,0.0
2341,0.0
2342,0.0
2343,0.0
2344,0.0
2345,0.01
2346,0.07
2347,0.07
2348,0.07
2349,0.07
2350,0.07
2351,0.07
2352,0.07
2353,0.07
2354,0.08
2355,0.07
2356,0.07
2357,0.08
2358,0.07
2359,0.05
2360,0.01
2361,0.0
2362,0.01
2363,0.01
2364,0.0
2365,0.0
2366,0.0
2367,0.0
2368,0.0
2369,0.01
2370,0.07
2371,0.07
2372,0.07
2373,0.07
2374,0.07
2375,0.07
2376,0.07
2377,0.07
2378,0.08
2379,0.07
2380,0.07
2381,0.08
2382,0.07
2383,0.05
2384,0.01
2385,0.0
2386,0.01
2387,0.01
2388,0.0
2389,0.0
2390,0.0
2391,0.0
2392,0.0
2393,0.01
2394,0.07
2395,0.07
2396,0.07
2397,0.07
2398,0.07
2399,0.07
2400,0.07
2401,0.06
2402,0.07
2403,0.08
2404,0.07
2405,0.07
2406,0.07
2407,0.04
2408,0.0
2409,0.0
2410,0.01
2411,0.0
2412,0.0
2413,0.0
2414,0.0
2415,0.0
2416,0.0
2417,0.0
2418,0.07
2419,0.08
2420,0.07
2421,0.07
2422,0.07
2423,0.07
2424,0.07
2425,0.06
2426,0.07
2427,0.08
2428,0.07
2429,0.07
2430,0.07
2431,0.04
2432,0.0
2433,0.0
2434,0.01
2435,0.0
2436,0.0
2437,0.0
2438,0.0
2439,0.0
2440,0.0
2441,0.0
2442,0.07
2443,0.08
2444,0.07
2445,0.07
2446,0.07
2447,0.07
2448,0.07
2449,0.07
2450,0.08
2451,0.07
2452,0.07
2453,0.08
2454,0.07
2455,0.05
2456,0.01
2457,0.0
2458,0.01
2459,0.01
2460,0.0
2461,0.0
2462,0.0
2463,0.0
2464,0.0
2465,0.01
2466,0.07
2467,0.07
2468,0.07
2469,0.07
2470,0.07
2471,0.07
2472,0.07
2473,0.07
2474,0.08
2475,0.07
2476,0.07
2477,0.08
2478,0.07
2479,0.05
2480,0.01
2481,0.0
2482,0.01
2483,0.01
2484,0.0
2485,0.0
2486,0.0
2487,0.0
2488,0.0
2489,0.01
2490,0.07
2491,0.07
2492,0.07
2493,0.07
2494,0.07
2495,0.07
2496,0.07
2497,0.07
2498,0.08
2499,0.07
2500,0.07
2501,0.08
2502,0.07
2503,0.05
2504,0.01
2505,0.0
2506,0.01
2507,0.01
2508,0.0
2509,0.0
2510,0.0
2511,0.0
2512,0.0
2513,0.01
2514,0.07
2515,0.07
2516,0.07
2517,0.07
2518,0.07
2519,0.07
2520,0.07
2521,0.07
2522,0.08
2523,0.07
2524,0.07
2525,0.08
2526,0.07
2527,0.05
2528,0.01
2529,0.0
2530,0.01
2531,0.01
2532,0.0
2533,0.0
2534,0.0
2535,0.0
2536,0.0
2537,0.01
2538,0.07
2539,0.07
2540,0.07
2541,0.07
2542,0.07
2543,0.07
2544,0.07
2545,0.07
2546,0.08
2547,0.07
2548,0.07
2549,0.08
2550,0.07
2551,0.05
2552,0.01
2553,0.0
2554,0.01
2555,0.01
2556,0.0
2557,0.0
2558,0.0
2559,0.0
2560,0.0
2561,0.01
2562,0.07
2563,0.07
2564,0.07
2565,0.07
2566,0.07
2567,0.07
2568,0.07
2569,0.06
2570,0.07
2571,0.08
2572,0.07
2573,0.07
2574,0.07
2575,0.04
2576,0.0
2577,0.0
2578,0.01
2579,0.0
2580,0.0
2581,0.0
2582,0.0
2583,0.0
2584,0.0
2585,0.0
2586,0.07
2587,0.08
2588,0.07
2589,0.07
2590,0.07
2591,0.07
2592,0.07
2593,0.06
2594,0.07
2595,0.08
2596,0.07
2597,0.07
2598,0.07
2599,0.04
2600,0.0
2601,0.0
2602,0.01
2603,0.0
2604,0.0
2605,0.0
2606,0.0
2607,0.0
2608,0.0
2609,0.0
2610,0.07
2611,0.08
2612,0.07
2613,0.07
2614,0.07
2615,0.07
2616,0.07
2617,0.07
2618,0.08
2619,0.07
2620,0.07
2621,0.08
2622,0.07
2623,0.05
2624,0.01
2625,0.0
2626,0.01
2627,0.01
2628,0.0
2629,0.0
2630,0.0
2631,0.0
2632,0.0
2633,0.01
2634,0.07
2635,0.07
2636,0.07
2637,0.07
2638,0.07
2639,0.07
2640,0.07
2641,0.07
2642,0.08
2643,0.07
2644,0.07
2645,0.08
2646,0.07
2647,0.05
2648,0.01
2649,0.0
2650,0.01
2651,0.01
2652,0.0
2653,0.0
2654,0.0
2655,0.0
2656,0.0
2657,0.01
2658,0.07
2659,0.07
2660,0.07
2661,0.07
2662,0.07
2663,0.07
2664,0.07
2665,0.07
2666,0.08
2667,0.07
2668,0.07
2669,0.08
2670,0.07
2671,0.05
2672,0.01
2673,0.0
2674,0.01
2675,0.01
2676,0.0
2677,0.0
2678,0.0
2679,0.0
2680,0.0
2681,0.01
2682,0.07
2683,0.07
2684,0.07
2685,0.07
2686,0.07
2687,0.07
2688,0.07
2689,0.07
2690,0.08
2691,0.07
2692,0.07
2693,0.08
2694,0.07
2695,0.05
2696,0.01
2697,0.0
2698,0.01
2699,0.01
2700,0.0
2701,0.0
2702,0.0
2703,0.0
2704,0.0
2705,0.01
2706,0.07
2707,0.07
2708,0.07
2709,0.07
2710,0.07
2711,0.07
2712,0.07
2713,0.07
2714,0.08
2715,0.07
2716,0.07
2717,0.08
2718,0.07
2719,0.05
2720,0.01
2721,0.0
2722,0.01
2723,0.01
2724,0.0
2725,0.0
2726,0.0
2727,0.0
2728,0.0
2729,0.01
2730,0.07
2731,0.07
2732,0.07
2733,0.07
2734,0.07
2735,0.07
2736,0.07
2737,0.06
2738,0.07
2739,0.08
2740,0.07
2741,0.07
2742,0.07
2743,0.04
2744,0.0
2745,0.0
2746,0.01
2747,0.0
2748,0.0
2749,0.0
2750,0.0
2751,0.0
2752,0.0
2753,0.0
2754,0.07
2755,0.08
2756,0.07
2757,0.07
2758,0.07
2759,0.07
2760,0.07
2761,0.06
2762,0.07
2763,0.08
2764,0.07
2765,0.07
2766,0.07
2767,0.04
2768,0.0
2769,0.0
2770,0.01
2771,0.0
2772,0.0
2773,0.0
2774,0.0
2775,0.0
2776,0.0
2777,0.0
2778,0.07
2779,0.08
2780,0.07
2781,0.07
2782,0.07
2783,0.07
2784,0.07
2785,0.07
2786,0.08
2787,0.07
2788,0.07
2789,0.08
2790,0.07
2791,0.05
2792,0.01
2793,0.0
2794,0.01
2795,0.01
2796,0.0
2797,0.0
2798,0.0
2799,0.0
2800,0.0
2801,0.01
2802,0.07
2803,0.07
2804,0.07
2805,0.07
2806,0.07
2807,0.07
2808,0.07
2809,0.07
2810,0.08
2811,0.07
2812,0.07
2813,0.08
2814,0.07
2815,0.05
2816,0.01
2817,0.0
2818,0.01
2819,0.01
2820,0.0
2821,0.0
2822,0.0
2823,0.0
2824,0.0
2825,0.01
2826,0.07
2827,0.07
2828,0.07
2829,0.07
2830,0.07
2831,0.07
2832,0.07
2833,0.07
2834,0.08
2835,0.07
2836,0.07
2837,0.08
2838,0.07
2839,0.05
2840,0.01
2841,0.0
2842,0.01
2843,0.01
2844,0.0
2845,0.0
2846,0.0
2847,0.0
2848,0.0
2849,0.01
2850,0.07
2851,0.07
2852,0.07
2853,0.07
2854,0.07
2855,0.07
2856,0.07
2857,0.07
2858,0.08
2859,0.07
2860,0.07
2861,0.08
2862,0.07
2863,0.05
2864,0.01
2865,0.0
2866,0.01
2867,0.01
2868,0.0
2869,0.0
2870,0.0
2871,0.0
2872,0.0
2873,0.01
2874,0.07
2875,0.07
2876,0.07
2877,0.07
2878,0.07
2879,0.07
2880,0.07
2881,0.07
2882,0.08
2883,0.08
2884,0.08
2885,0.07
2886,0.07
2887,0.06
2888,0.02
2889,0.01
2890,0.01
2891,0.01
2892,0.01
2893,0.01
2894,0.01
2895,0.01
2896,0.01
2897,0.03
2898,0.08
2899,0.08
2900,0.07
2901,0.07
2902,0.07
2903,0.08
2904,0.08
2905,0.07
2906,0.08
2907,0.08
2908,0.07
2909,0.07
2910,0.07
2911,0.03
2912,0.0
2913,0.0
2914,0.0
2915,0.0
2916,0.0
2917,0.0
2918,0.0
2919,0.0
2920,0.0
2921,0.0
2922,0.05
2923,0.09
2924,0.08
2925,0.08
2926,0.07
2927,0.08
2928,0.07
2929,0.07
2930,0.08
2931,0.08
2932,0.07
2933,0.07
2934,0.07
2935,0.03
2936,0.0
2937,0.0
2938,0.0
2939,0.0
2940,0.0
2941,0.0
2942,0.0
2943,0.0
2944,0.0
2945,0.0
2946,0.05
2947,0.09
2948,0.08
2949,0.08
2950,0.07
2951,0.08
2952,0.07
2953,0.07
2954,0.08
2955,0.08
2956,0.08
2957,0.07
2958,0.07
2959,0.06
2960,0.02
2961,0.01
2962,0.01
2963,0.01
2964,0.01
2965,0.01
2966,0.01
2967,0.01
2968,0.01
2969,0.03
2970,0.08
2971,0.08
2972,0.07
2973,0.07
2974,0.07
2975,0.08
2976,0.08
2977,0.07
2978,0.08
2979,0.08
2980,0.08
2981,0.07
2982,0.07
2983,0.06
2984,0.02
2985,0.01
2986,0.01
2987,0.01
2988,0.01
2989,0.01
2990,0.01
2991,0.01
2992,0.01
2993,0.03
2994,0.08
2995,0.08
2996,0.07
2997,0.07
2998,0.07
2999,0.08
3000,0.08
3001,0.07
3002,0.08
3003,0.08
3004,0.08
3005,0.07
3006,0.07
3007,0.06
3008,0.02
3009,0.01
3010,0.01
3011,0.01
3012,0.01
3013,0.01
3014,0.01
3015,0.01
3016,0.01
3017,0.03
3018,0.08
3019,0.08
3020,0.07
3021,0.07
3022,0.07
3023,0.08
3024,0.08
3025,0.07
3026,0.08
3027,0.08
3028,0.08
3029,0.07
3030,0.07
3031,0.06
3032,0.02
3033,0.01
3034,0.01
3035,0.01
3036,0.01
3037,0.01
3038,0.01
3039,0.01
3040,0.01
3041,0.03
3042,0.08
3043,0.08
3044,0.07
3045,0.07
3046,0.07
3047,0.08
3048,0.08
3049,0.07
3050,0.08
3051,0.08
3052,0.08
3053,0.07
3054,0.07
3055,0.06
3056,0.02
3057,0.01
3058,0.01
3059,0.01
3060,0.01
3061,0.01
3062,0.01
3063,0.01
3064,0.01
3065,0.03
3066,0.08
3067,0.08
3068,0.07
3069,0.07
3070,0.07
3071,0.08
3072,0.08
3073,0.07
3074,0.08
3075,0.08
3076,0.07
3077,0.07
3078,0.07
3079,0.03
3080,0.0
3081,0.0
3082,0.0
3083,0.0
3084,0.0
3085,0.0
3086,0.0
3087,0.0
3088,0.0
3089,0.0
3090,0.05
3091,0.09
3092,0.08
3093,0.08
3094,0.07
3095,0.08
3096,0.07
3097,0.07
3098,0.08
3099,0.08
3100,0.07
3101,0.07
3102,0.07
3103,0.03
3104,0.0
3105,0.0
3106,0.0
3107,0.0
3108,0.0
3109,0.0
3110,0.0
3111,0.0
3112,0.0
3113,0.0
3114,0.05
3115,0.09
3116,0.08
3117,0.08
3118,0.07
3119,0.08
3120,0.07
3121,0.07
3122,0.08
3123,0.08
3124,0.08
3125,0.07
3126,0.07
3127,0.06
3128,0.02
3129,0.01
3130,0.01
3131,0.01
3132,0.01
3133,0.01
3134,0.01
3135,0.01
3136,0.01
3137,0.03
3138,0.08
3139,0.08
3140,0.07
3141,0.07
3142,0.07
3143,0.08
3144,0.08
3145,0.07
3146,0.08
3147,0.08
3148,0.08
3149,0.07
3150,0.07
3151,0.06
3152,0.02
3153,0.01
3154,0.01
3155,0.01
3156,0.01
3157,0.01
3158,0.01
3159,0.01
3160,0.01
3161,0.03
3162,0.08
3163,0.08
3164,0.07
3165,0.07
3166,0.07
3167,0.08
3168,0.08
3169,0.07
3170,0.08
3171,0.08
3172,0.08
3173,0.07
3174,0.07
3175,0.06
3176,0.02
3177,0.01
3178,0.01
3179,0.01
3180,0.01
3181,0.01
3182,0.01
3183,0.01
3184,0.01
3185,0.03
3186,0.08
3187,0.08
3188,0.07
3189,0.07
3190,0.07
3191,0.08
3192,0.08
3193,0.07
3194,0.08
3195,0.08
3196,0.08
3197,0.07
3198,0.07
3199,0.06
3200,0.02
3201,0.01
3202,0.01
3203,0.01
3204,0.01
3205,0.01
3206,0.01
3207,0.01
3208,0.01
3209,0.03
3210,0.08
3211,0.08
3212,0.07
3213,0.07
3214,0.07
3215,0.08
3216,0.08
3217,0.07
3218,0.08
3219,0.08
3220,0.08
3221,0.07
3222,0.07
3223,0.06
3224,0.02
3225,0.01
3226,0.01
3227,0.01
3228,0.01
3229,0.01
3230,0.01
3231,0.01
3232,0.01
3233,0.03
3234,0.08
3235,0.08
3236,0.07
3237,0.07
3238,0.07
3239,0.08
3240,0.08
3241,0.07
3242,0.08
3243,0.08
3244,0.07
3245,0.07
3246,0.07
3247,0.03
3248,0.0
3249,0.0
3250,0.0
3251,0.0
3252,0.0
3253,0.0
3254,0.0
3255,0.0
3256,0.0
3257,0.0
3258,0.05
3259,0.09
3260,0.08
3261,0.08
3262,0.07
3263,0.08
3264,0.07
3265,0.07
3266,0.08
3267,0.08
3268,0.07
3269,0.07
3270,0.07
3271,0.03
3272,0.0
3273,0.0
3274,0.0
3275,0.0
3276,0.0
3277,0.0
3278,0.0
3279,0.0
3280,0.0
3281,0.0
3282,0.05
3283,0.09
3284,0.08
3285,0.08
3286,0.07
3287,0.08
3288,0.07
3289,0.07
3290,0.08
3291,0.08
3292,0.08
3293,0.07
3294,0.07
3295,0.06
3296,0.02
3297,0.01
3298,0.01
3299,0.01
3300,0.01
3301,0.01
3302,0.01
3303,0.01
3304,0.01
3305,0.03
3306,0.08
3307,0.08
3308,0.07
3309,0.07
3310,0.07
3311,0.08
3312,0.08
3313,0.07
3314,0.08
3315,0.08
3316,0.08
3317,0.07
3318,0.07
3319,0.06
3320,0.02
3321,0.01
3322,0.01
3323,0.01
3324,0.01
3325,0.01
3326,0.01
3327,0.01
3328,0.01
3329,0.03
3330,0.08
3331,0.08
3332,0.07
3333,0.07
3334,0.07
3335,0.08
3336,0.08
3337,0.07
3338,0.08
3339,0.08
3340,0.08
3341,0.07
3342,0.07
3343,0.06
3344,0.02
3345,0.01
3346,0.01
3347,0.01
3348,0.01
3349,0.01
3350,0.01
3351,0.01
3352,0.01
3353,0.03
3354,0.08
3355,0.08
3356,0.07
3357,0.07
3358,0.07
3359,0.08
3360,0.08
3361,0.07
3362,0.08
3363,0.08
3364,0.08
3365,0.07
3366,0.07
3367,0.06
3368,0.02
3369,0.01
3370,0.01
3371,0.01
3372,0.01
3373,0.01
3374,0.01
3375,0.01
3376,0.01
3377,0.03
3378,0.08
3379,0.08
3380,0.07
3381,0.07
3382,0.07
3383,0.08
3384,0.08
3385,0.07
3386,0.08
3387,0.08
3388,0.08
3389,0.07
3390,0.07
3391,0.06
3392,0.02
3393,0.01
3394,0.01
3395,0.01
3396,0.01
3397,0.01
3398,0.01
3399,0.01
3400,0.01
3401,0.03
3402,0.08
3403,0.08
3404,0.07
3405,0.07
3406,0.07
3407,0.08
3408,0.08
3409,0.07
3410,0.08
3411,0.08
3412,0.07
3413,0.07
3414,0.07
3415,0.03
3416,0.0
3417,0.0
3418,0.0
3419,0.0
3420,0.0
3421,0.0
3422,0.0
3423,0.0
3424,0.0
3425,0.0
3426,0.05
3427,0.09
3428,0.08
3429,0.08
3430,0.07
3431,0.08
3432,0.07
3433,0.07
3434,0.08
3435,0.08
3436,0.07
3437,0.07
3438,0.07
3439,0.03
3440,0.0
3441,0.0
3442,0.0
3443,0.0
3444,0.0
3445,0.0
3446,0.0
3447,0.0
3448,0.0
3449,0.0
3450,0.05
3451,0.09
3452,0.08
3453,0.08
3454,0.07
3455,0.08
3456,0.07
3457,0.07
3458,0.08
3459,0.08
3460,0.08
3461,0.07
3462,0.07
3463,0.06
3464,0.02
3465,0.01
3466,0.01
3467,0.01
3468,0.01
3469,0.01
3470,0.01
3471,0.01
3472,0.01
3473,0.03
3474,0.08
3475,0.08
3476,0.07
3477,0.07
3478,0.07
3479,0.08
3480,0.08
3481,0.07
3482,0.08
3483,0.08
3484,0.08
3485,0.07
3486,0.07
3487,0.06
3488,0.02
3489,0.01
3490,0.01
3491,0.01
3492,0.01
3493,0.01
3494,0.01
3495,0.01
3496,0.01
3497,0.03
3498,0.08
3499,0.08
3500,0.07
3501,0.07
3502,0.07
3503,0.08
3504,0.08
3505,0.07
3506,0.08
3507,0.08
3508,0.08
3509,0.07
3510,0.07
3511,0.06
3512,0.02
3513,0.01
3514,0.01
3515,0.01
3516,0.01
3517,0.01
3518,0.01
3519,0.01
3520,0.01
3521,0.03
3522,0.08
3523,0.08
3524,0.07
3525,0.07
3526,0.07
3527,0.08
3528,0.08
3529,0.07
3530,0.08
3531,0.08
3532,0.08
3533,0.07
3534,0.07
3535,0.06
3536,0.02
3537,0.01
3538,0.01
3539,0.01
3540,0.01
3541,0.01
3542,0.01
3543,0.01
3544,0.01
3545,0.03
3546,0.08
3547,0.08
3548,0.07
3549,0.07
3550,0.07
3551,0.08
3552,0.08
3553,0.07
3554,0.08
3555,0.08
3556,0.08
3557,0.07
3558,0.07
3559,0.06
3560,0.02
3561,0.01
3562,0.01
3563,0.01
3564,0.01
3565,0.01
3566,0.01
3567,0.01
3568,0.01
3569,0.03
3570,0.08
3571,0.08
3572,0.07
3573,0.07
3574,0.07
3575,0.08
3576,0.08
3577,0.07
3578,0.08
3579,0.08
3580,0.07
3581,0.07
3582,0.07
3583,0.03
3584,0.0
3585,0.0
3586,0.0
3587,0.0
3588,0.0
3589,0.0
3590,0.0
3591,0.0
3592,0.0
3593,0.0
3594,0.05
3595,0.09
3596,0.08
3597,0.08
3598,0.07
3599,0.08
3600,0.07
3601,0.07
3602,0.08
3603,0.08
3604,0.07
3605,0.07
3606,0.07
3607,0.03
3608,0.0
3609,0.0
3610,0.0
3611,0.0
3612,0.0
3613,0.0
3614,0.0
3615,0.0
3616,0.0
3617,0.0
3618,0.05
3619,0.09
3620,0.08
3621,0.08
3622,0.07
3623,0.08
3624,0.07
3625,0.07
3626,0.07
3627,0.07
3628,0.07
3629,0.07
3630,0.07
3631,0.06
3632,0.04
3633,0.04
3634,0.03
3635,0.03
3636,0.03
3637,0.03
3638,0.04
3639,0.03
3640,0.03
3641,0.05
3642,0.09
3643,0.09
3644,0.09
3645,0.08
3646,0.08
3647,0.07
3648,0.07
3649,0.07
3650,0.07
3651,0.07
3652,0.07
3653,0.07
3654,0.07
3655,0.06
3656,0.04
3657,0.04
3658,0.03
3659,0.03
3660,0.03
3661,0.03
3662,0.04
3663,0.03
3664,0.03
3665,0.05
3666,0.09
3667,0.09
3668,0.09
3669,0.08
3670,0.08
3671,0.07
3672,0.07
3673,0.07
3674,0.07
3675,0.07
3676,0.07
3677,0.07
3678,0.07
3679,0.06
3680,0.04
3681,0.04
3682,0.03
3683,0.03
3684,0.03
3685,0.03
3686,0.04
3687,0.03
3688,0.03
3689,0.05
3690,0.09
3691,0.09
3692,0.09
3693,0.08
3694,0.08
3695,0.07
3696,0.07
3697,0.07
3698,0.07
3699,0.07
3700,0.07
3701,0.07
3702,0.07
3703,0.06
3704,0.04
3705,0.04
3706,0.03
3707,0.03
3708,0.03
3709,0.03
3710,0.04
3711,0.03
3712,0.03
3713,0.05
3714,0.09
3715,0.09
3716,0.09
3717,0.08
3718,0.08
3719,0.07
3720,0.07
3721,0.07
3722,0.07
3723,0.07
3724,0.07
3725,0.07
3726,0.07
3727,0.06
3728,0.04
3729,0.04
3730,0.03
3731,0.03
3732,0.03
3733,0.03
3734,0.04
3735,0.03
3736,0.03
3737,0.05
3738,0.09
3739,0.09
3740,0.09
3741,0.08
3742,0.08
3743,0.07
3744,0.07
3745,0.07
3746,0.07
3747,0.07
3748,0.07
3749,0.08
3750,0.07
3751,0.06
3752,0.02
3753,0.01
3754,0.02
3755,0.01
3756,0.01
3757,0.01
3758,0.01
3759,0.01
3760,0.01
3761,0.02
3762,0.07
3763,0.09
3764,0.08
3765,0.08
3766,0.08
3767,0.07
3768,0.07
3769,0.07
3770,0.07
3771,0.07
3772,0.07
3773,0.08
3774,0.07
3775,0.06
3776,0.02
3777,0.01
3778,0.02
3779,0.01
3780,0.01
3781,0.01
3782,0.01
3783,0.01
3784,0.01
3785,0.02
3786,0.07
3787,0.09
3788,0.08
3789,0.08
3790,0.08
3791,0.07
3792,0.07
3793,0.07
3794,0.07
3795,0.07
3796,0.07
3797,0.07
3798,0.07
3799,0.06
3800,0.04
3801,0.04
3802,0.03
3803,0.03
3804,0.03
3805,0.03
3806,0.04
3807,0.03
3808,0.03
3809,0.05
3810,0.09
3811,0.09
3812,0.09
3813,0.08
3814,0.08
3815,0.07
3816,0.07
3817,0.07
3818,0.07
3819,0.07
3820,0.07
3821,0.07
3822,0.07
3823,0.06
3824,0.04
3825,0.04
3826,0.03
3827,0.03
3828,0.03
3829,0.03
3830,0.04
3831,0.03
3832,0.03
3833,0.05
3834,0.09
3835,0.09
3836,0.09
3837,0.08
3838,0.08
3839,0.07
3840,0.07
3841,0.07
3842,0.07
3843,0.07
3844,0.07
3845,0.07
3846,0.07
3847,0.06
3848,0.04
3849,0.04
3850,0.03
3851,0.03
3852,0.03
3853,0.03
3854,0.04
3855,0.03
3856,0.03
3857,0.05
3858,0.09
3859,0.09
3860,0.09
3861,0.08
3862,0.08
3863,0.07
3864,0.07
3865,0.07
3866,0.07
3867,0.07
3868,0.07
3869,0.07
3870,0.07
3871,0.06
3872,0.04
3873,0.04
3874,0.03
3875,0.03
3876,0.03
3877,0.03
3878,0.04
3879,0.03
3880,0.03
3881,0.05
3882,0.09
3883,0.09
3884,0.09
3885,0.08
3886,0.08
3887,0.07
3888,0.07
3889,0.07
3890,0.07
3891,0.07
3892,0.07
3893,0.07
3894,0.07
3895,0.06
3896,0.04
3897,0.04
3898,0.03
3899,0.03
3900,0.03
3901,0.03
3902,0.04
3903,0.03
3904,0.03
3905,0.05
3906,0.09
3907,0.09
3908,0.09
3909,0.08
3910,0.08
3911,0.07
3912,0.07
3913,0.07
3914,0.07
3915,0.07
3916,0.07
3917,0.08
3918,0.07
3919,0.06
3920,0.02
3921,0.01
3922,0.02
3923,0.01
3924,0.01
3925,0.01
3926,0.01
3927,0.01
3928,0.01
3929,0.02
3930,0.07
3931,0.09
3932,0.08
3933,0.08
3934,0.08
3935,0.07
3936,0.07
3937,0.07
3938,0.07
3939,0.07
3940,0.07
3941,0.08
3942,0.07
3943,0.06
3944,0.02
3945,0.01
3946,0.02
3947,0.01
3948,0.01
3949,0.01
3950,0.01
3951,0.01
3952,0.01
3953,0.02
3954,0.07
3955,0.09
3956,0.08
3957,0.08
3958,0.08
3959,0.07
3960,0.07
3961,0.07
3962,0.07
3963,0.07
3964,0.07
3965,0.07
3966,0.07
3967,0.06
3968,0.04
3969,0.04
3970,0.03
3971,0.03
3972,0.03
3973,0.03
3974,0.04
3975,0.03
3976,0.03
3977,0.05
3978,0.09
3979,0.09
3980,0.09
3981,0.08
3982,0.08
3983,0.07
3984,0.07
3985,0.07
3986,0.07
3987,0.07
3988,0.07
3989,0.07
3990,0.07
3991,0.06
3992,0.04
3993,0.04
3994,0.03
3995,0.03
3996,0.03
3997,0.03
3998,0.04
3999,0.03
4000,0.03
4001,0.05
4002,0.09
4003,0.09
4004,0.09
4005,0.08
4006,0.08
4007,0.07
4008,0.07
4009,0.07
4010,0.07
4011,0.07
4012,0.07
4013,0.07
4014,0.07
4015,0.06
4016,0.04
4017,0.04
4018,0.03
4019,0.03
4020,0.03
4021,0.03
4022,0.04
4023,0.03
4024,0.03
4025,0.05
4026,0.09
4027,0.09
4028,0.09
4029,0.08
4030,0.08
4031,0.07
4032,0.07
4033,0.07
4034,0.07
4035,0.07
4036,0.07
4037,0.07
4038,0.07
4039,0.06
4040,0.04
4041,0.04
4042,0.03
4043,0.03
4044,0.03
4045,0.03
4046,0.04
4047,0.03
4048,0.03
4049,0.05
4050,0.09
4051,0.09
4052,0.09
4053,0.08
4054,0.08
4055,0.07
4056,0.07
4057,0.07
4058,0.07
4059,0.07
4060,0.07
4061,0.07
4062,0.07
4063,0.06
4064,0.04
4065,0.04
4066,0.03
4067,0.03
4068,0.03
4069,0.03
4070,0.04
4071,0.03
4072,0.03
4073,0.05
4074,0.09
4075,0.09
4076,0.09
4077,0.08
4078,0.08
4079,0.07
4080,0.07
4081,0.07
4082,0.07
4083,0.07
4084,0.07
4085,0.08
4086,0.07
4087,0.06
4088,0.02
4089,0.01
4090,0.02
4091,0.01
4092,0.01
4093,0.01
4094,0.01
4095,0.01
4096,0.01
4097,0.02
4098,0.07
4099,0.09
4100,0.08
4101,0.08
4102,0.08
4103,0.07
4104,0.07
4105,0.07
4106,0.07
4107,0.07
4108,0.07
4109,0.08
4110,0.07
4111,0.06
4112,0.02
4113,0.01
4114,0.02
4115,0.01
4116,0.01
4117,0.01
4118,0.01
4119,0.01
4120,0.01
4121,0.02
4122,0.07
4123,0.09
4124,0.08
4125,0.08
4126,0.08
4127,0.07
4128,0.07
4129,0.07
4130,0.07
4131,0.07
4132,0.07
4133,0.07
4134,0.07
4135,0.06
4136,0.04
4137,0.04
4138,0.03
4139,0.03
4140,0.03
4141,0.03
4142,0.04
4143,0.03
4144,0.03
4145,0.05
4146,0.09
4147,0.09
4148,0.09
4149,0.08
4150,0.08
4151,0.07
4152,0.07
4153,0.07
4154,0.07
4155,0.07
4156,0.07
4157,0.07
4158,0.07
4159,0.06
4160,0.04
4161,0.04
4162,0.03
4163,0.03
4164,0.03
4165,0.03
4166,0.04
4167,0.03
4168,0.03
4169,0.05
4170,0.09
4171,0.09
4172,0.09
4173,0.08
4174,0.08
4175,0.07
4176,0.07
4177,0.07
4178,0.07
4179,0.07
4180,0.07
4181,0.07
4182,0.07
4183,0.06
4184,0.04
4185,0.04
4186,0.03
4187,0.03
4188,0.03
4189,0.03
4190,0.04
4191,0.03
4192,0.03
4193,0.05
4194,0.09
4195,0.09
4196,0.09
4197,0.08
4198,0.08
4199,0.07
4200,0.07
4201,0.07
4202,0.07
4203,0.07
4204,0.07
4205,0.07
4206,0.07
4207,0.06
4208,0.04
4209,0.04
4210,0.03
4211,0.03
4212,0.03
4213,0.03
4214,0.04
4215,0.03
4216,0.03
4217,0.05
4218,0.09
4219,0.09
4220,0.09
4221,0.08
4222,0.08
4223,0.07
4224,0.07
4225,0.07
4226,0.07
4227,0.07
4228,0.07
4229,0.07
4230,0.07
4231,0.06
4232,0.04
4233,0.04
4234,0.03
4235,0.03
4236,0.03
4237,0.03
4238,0.04
4239,0.03
4240,0.03
4241,0.05
4242,0.09
4243,0.09
4244,0.09
4245,0.08
4246,0.08
4247,0.07
4248,0.07
4249,0.07
4250,0.07
4251,0.07
4252,0.07
4253,0.08
4254,0.07
4255,0.06
4256,0.02
4257,0.01
4258,0.02
4259,0.01
4260,0.01
4261,0.01
4262,0.01
4263,0.01
4264,0.01
4265,0.02
4266,0.07
4267,0.09
4268,0.08
4269,0.08
4270,0.08
4271,0.07
4272,0.07
4273,0.07
4274,0.07
4275,0.07
4276,0.07
4277,0.08
4278,0.07
4279,0.06
4280,0.02
4281,0.01
4282,0.02
4283,0.01
4284,0.01
4285,0.01
4286,0.01
4287,0.01
4288,0.01
4289,0.02
4290,0.07
4291,0.09
4292,0.08
4293,0.08
4294,0.08
4295,0.07
4296,0.07
4297,0.07
4298,0.07
4299,0.07
4300,0.07
4301,0.07
4302,0.07
4303,0.06
4304,0.04
4305,0.04
4306,0.03
4307,0.03
4308,0.03
4309,0.03
4310,0.04
4311,0.03
4312,0.03
4313,0.05
4314,0.09
4315,0.09
4316,0.09
4317,0.08
4318,0.08
4319,0.07
4320,0.07
4321,0.07
4322,0.07
4323,0.07
4324,0.07
4325,0.07
4326,0.07
4327,0.06
4328,0.04
4329,0.04
4330,0.03
4331,0.03
4332,0.03
4333,0.03
4334,0.04
4335,0.03
4336,0.03
4337,0.05
4338,0.09
4339,0.09
4340,0.09
4341,0.08
4342,0.08
4343,0.07
4344,0.07
4345,0.07
4346,0.07
4347,0.07
4348,0.07
4349,0.07
4350,0.07
4351,0.07
4352,0.06
4353,0.06
4354,0.06
4355,0.06
4356,0.05
4357,0.09
4358,0.21
4359,0.26
4360,0.26
4361,0.32
4362,0.27
4363,0.23
4364,0.1
4365,0.08
4366,0.08
4367,0.07
4368,0.07
4369,0.07
4370,0.07
4371,0.07
4372,0.07
4373,0.07
4374,0.07
4375,0.07
4376,0.06
4377,0.06
4378,0.06
4379,0.06
4380,0.05
4381,0.09
4382,0.21
4383,0.26
4384,0.26
4385,0.32
4386,0.27
4387,0.23
4388,0.1
4389,0.08
4390,0.08
4391,0.07
4392,0.07
4393,0.07
4394,0.07
4395,0.07
4396,0.07
4397,0.07
4398,0.07
4399,0.07
4400,0.06
4401,0.06
4402,0.06
4403,0.06
4404,0.05
4405,0.09
4406,0.21
4407,0.26
4408,0.26
4409,0.32
4410,0.27
4411,0.23
4412,0.1
4413,0.08
4414,0.08
4415,0.07
4416,0.07
4417,0.07
4418,0.07
4419,0.07
4420,0.07
4421,0.07
4422,0.06
4423,0.06
4424,0.02
4425,0.02
4426,0.02
4427,0.02
4428,0.02
4429,0.02
4430,0.02
4431,0.02
4432,0.02
4433,0.04
4434,0.09
4435,0.11
4436,0.1
4437,0.08
4438,0.08
4439,0.07
4440,0.07
4441,0.07
4442,0.07
4443,0.07
4444,0.07
4445,0.07
4446,0.06
4447,0.06
4448,0.02
4449,0.02
4450,0.02
4451,0.02
4452,0.02
4453,0.02
4454,0.02
4455,0.02
4456,0.02
4457,0.04
4458,0.09
4459,0.11
4460,0.1
4461,0.08
4462,0.08
4463,0.07
4464,0.07
4465,0.07
4466,0.07
4467,0.07
4468,0.07
4469,0.07
4470,0.07
4471,0.07
4472,0.06
4473,0.06
4474,0.06
4475,0.06
4476,0.05
4477,0.09
4478,0.21
4479,0.26
4480,0.26
4481,0.32
4482,0.27
4483,0.23
4484,0.1
4485,0.08
4486,0.08
4487,0.07
4488,0.07
4489,0.07
4490,0.07
4491,0.07
4492,0.07
4493,0.07
4494,0.07
4495,0.07
4496,0.06
4497,0.06
4498,0.06
4499,0.06
4500,0.05
4501,0.09
4502,0.21
4503,0.26
4504,0.26
4505,0.32
4506,0.27
4507,0.23
4508,0.1
4509,0.08
4510,0.08
4511,0.07
4512,0.07
4513,0.07
4514,0.07
4515,0.07
4516,0.07
4517,0.07
4518,0.07
4519,0.07
4520,0.06
4521,0.06
4522,0.06
4523,0.06
4524,0.05
4525,0.09
4526,0.21
4527,0.26
4528,0.26
4529,0.32
4530,0.27
4531,0.23
4532,0.1
4533,0.08
4534,0.08
4535,0.07
4536,0.07
4537,0.07
4538,0.07
4539,0.07
4540,0.07
4541,0.07
4542,0.07
4543,0.07
4544,0.06
4545,0.06
4546,0.06
4547,0.06
4548,0.05
4549,0.09
4550,0.21
4551,0.26
4552,0.26
4553,0.32
4554,0.27
4555,0.23
4556,0.1
4557,0.08
4558,0.08
4559,0.07
4560,0.07
4561,0.07
4562,0.07
4563,0.07
4564,0.07
4565,0.07
4566,0.07
4567,0.07
4568,0.06
4569,0.06
4570,0.06
4571,0.06
4572,0.05
4573,0.09
4574,0.21
4575,0.26
4576,0.26
4577,0.32
4578,0.27
4579,0.23
4580,0.1
4581,0.08
4582,0.08
4583,0.07
4584,0.07
4585,0.07
4586,0.07
4587,0.07
4588,0.07
4589,0.07
4590,0.06
4591,0.06
4592,0.02
4593,0.02
4594,0.02
4595,0.02
4596,0.02
4597,0.02
4598,0.02
4599,0.02
4600,0.02
4601,0.04
4602,0.09
4603,0.11
4604,0.1
4605,0.08
4606,0.08
4607,0.07
4608,0.07
4609,0.07
4610,0.07
4611,0.07
4612,0.07
4613,0.07
4614,0.06
4615,0.06
4616,0.02
4617,0.02
4618,0.02
4619,0.02
4620,0.02
4621,0.02
4622,0.02
4623,0.02
4624,0.02
4625,0.04
4626,0.09
4627,0.11
4628,0.1
4629,0.08
4630,0.08
4631,0.07
4632,0.07
4633,0.07
4634,0.07
4635,0.07
4636,0.07
4637,0.07
4638,0.07
4639,0.07
4640,0.06
4641,0.06
4642,0.06
4643,0.06
4644,0.05
4645,0.09
4646,0.21
4647,0.26
4648,0.26
4649,0.32
4650,0.27
4651,0.23
4652,0.1
4653,0.08
4654,0.08
4655,0.07
4656,0.07
4657,0.07
4658,0.07
4659,0.07
4660,0.07
4661,0.07
4662,0.07
4663,0.07
4664,0.06
4665,0.06
4666,0.06
4667,0.06
4668,0.05
4669,0.09
4670,0.21
4671,0.26
4672,0.26
4673,0.32
4674,0.27
4675,0.23
4676,0.1
4677,0.08
4678,0.08
4679,0.07
4680,0.07
4681,0.07
4682,0.07
4683,0.07
4684,0.07
4685,0.07
4686,0.07
4687,0.07
4688,0.06
4689,0.06
4690,0.06
4691,0.06
4692,0.05
4693,0.09
4694,0.21
4695,0.26
4696,0.26
4697,0.32
4698,0.27
4699,0.23
4700,0.1
4701,0.08
4702,0.08
4703,0.07
4704,0.07
4705,0.07
4706,0.07
4707,0.07
4708,0.07
4709,0.07
4710,0.07
4711,0.07
4712,0.06
4713,0.06
4714,0.06
4715,0.06
4716,0.05
4717,0.09
4718,0.21
4719,0.26
4720,0.26
4721,0.32
4722,0.27
4723,0.23
4724,0.1
4725,0.08
4726,0.08
4727,0.07
4728,0.07
4729,0.07
4730,0.07
4731,0.07
4732,0.07
4733,0.07
4734,0.07
4735,0.07
4736,0.06
4737,0.06
4738,0.06
4739,0.06
4740,0.05
4741,0.09
4742,0.21
4743,0.26
4744,0.26
4745,0.32
4746,0.27
4747,0.23
4748,0.1
4749,0.08
4750,0.08
4751,0.07
4752,0.07
4753,0.07
4754,0.07
4755,0.07
4756,0.07
4757,0.07
4758,0.06
4759,0.06
4760,0.02
4761,0.02
4762,0.02
4763,0.02
4764,0.02
4765,0.02
4766,0.02
4767,0.02
4768,0.02
4769,0.04
4770,0.09
4771,0.11
4772,0.1
4773,0.08
4774,0.08
4775,0.07
4776,0.07
4777,0.07
4778,0.07
4779,0.07
4780,0.07
4781,0.07
4782,0.06
4783,0.06
4784,0.02
4785,0.02
4786,0.02
4787,0.02
4788,0.02
4789,0.02
4790,0.02
4791,0.02
4792,0.02
4793,0.04
4794,0.09
4795,0.11
4796,0.1
4797,0.08
4798,0.08
4799,0.07
4800,0.07
4801,0.07
4802,0.07
4803,0.07
4804,0.07
4805,0.07
4806,0.07
4807,0.07
4808,0.06
4809,0.06
4810,0.06
4811,0.06
4812,0.05
4813,0.09
4814,0.21
4815,0.26
4816,0.26
4817,0.32
4818,0.27
4819,0.23
4820,0.1
4821,0.08
4822,0.08
4823,0.07
4824,0.07
4825,0.07
4826,0.07
4827,0.07
4828,0.07
4829,0.07
4830,0.07
4831,0.07
4832,0.06
4833,0.06
4834,0.06
4835,0.06
4836,0.05
4837,0.09
4838,0.21
4839,0.26
4840,0.26
4841,0.32
4842,0.27
4843,0.23
4844,0.1
4845,0.08
4846,0.08
4847,0.07
4848,0.07
4849,0.07
4850,0.07
4851,0.07
4852,0.07
4853,0.07
4854,0.07
4855,0.07
4856,0.06
4857,0.06
4858,0.06
4859,0.06
4860,0.05
4861,0.09
4862,0.21
4863,0.26
4864,0.26
4865,0.32
4866,0.27
4867,0.23
4868,0.1
4869,0.08
4870,0.08
4871,0.07
4872,0.07
4873,0.07
4874,0.07
4875,0.07
4876,0.07
4877,0.07
4878,0.07
4879,0.07
4880,0.06
4881,0.06
4882,0.06
4883,0.06
4884,0.05
4885,0.09
4886,0.21
4887,0.26
4888,0.26
4889,0.32
4890,0.27
4891,0.23
4892,0.1
4893,0.08
4894,0.08
4895,0.07
4896,0.07
4897,0.07
4898,0.07
4899,0.07
4900,0.07
4901,0.07
4902,0.07
4903,0.07
4904,0.06
4905,0.06
4906,0.06
4907,0.06
4908,0.05
4909,0.09
4910,0.21
4911,0.26
4912,0.26
4913,0.32
4914,0.27
4915,0.23
4916,0.1
4917,0.08
4918,0.08
4919,0.07
4920,0.07
4921,0.07
4922,0.07
4923,0.07
4924,0.07
4925,0.07
4926,0.06
4927,0.06
4928,0.02
4929,0.02
4930,0.02
4931,0.02
4932,0.02
4933,0.02
4934,0.02
4935,0.02
4936,0.02
4937,0.04
4938,0.09
4939,0.11
4940,0.1
4941,0.08
4942,0.08
4943,0.07
4944,0.07
4945,0.07
4946,0.07
4947,0.07
4948,0.07
4949,0.07
4950,0.06
4951,0.06
4952,0.02
4953,0.02
4954,0.02
4955,0.02
4956,0.02
4957,0.02
4958,0.02
4959,0.02
4960,0.02
4961,0.04
4962,0.09
4963,0.11
4964,0.1
4965,0.08
4966,0.08
4967,0.07
4968,0.07
4969,0.07
4970,0.07
4971,0.07
4972,0.07
4973,0.07
4974,0.07
4975,0.07
4976,0.06
4977,0.06
4978,0.06
4979,0.06
4980,0.05
4981,0.09
4982,0.21
4983,0.26
4984,0.26
4985,0.32
4986,0.27
4987,0.23
4988,0.1
4989,0.08
4990,0.08
4991,0.07
4992,0.07
4993,0.07
4994,0.07
4995,0.07
4996,0.07
4997,0.07
4998,0.07
4999,0.07
5000,0.06
5001,0.06
5002,0.06
5003,0.06
5004,0.05
5005,0.09
5006,0.21
5007,0.26
5008,0.26
5009,0.32
5010,0.27
5011,0.23
5012,0.1
5013,0.08
5014,0.08
5015,0.07
5016,0.07
5017,0.07
5018,0.07
5019,0.07
5020,0.07
5021,0.07
5022,0.07
5023,0.07
5024,0.06
5025,0.06
5026,0.06
5027,0.06
5028,0.05
5029,0.09
5030,0.21
5031,0.26
5032,0.26
5033,0.32
5034,0.27
5035,0.23
5036,0.1
5037,0.08
5038,0.08
5039,0.07
5040,0.07
5041,0.07
5042,0.07
5043,0.07
5044,0.07
5045,0.07
5046,0.07
5047,0.07
5048,0.06
5049,0.06
5050,0.06
5051,0.06
5052,0.05
5053,0.09
5054,0.21
5055,0.26
5056,0.26
5057,0.32
5058,0.27
5059,0.23
5060,0.1
5061,0.08
5062,0.08
5063,0.07
5064,0.07
5065,0.07
5066,0.07
5067,0.07
5068,0.07
5069,0.07
5070,0.07
5071,0.07
5072,0.06
5073,0.06
5074,0.06
5075,0.06
5076,0.05
5077,0.09
5078,0.21
5079,0.26
5080,0.26
5081,0.32
5082,0.27
5083,0.23
5084,0.1
5085,0.08
5086,0.08
5087,0.07
5088,0.07
5089,0.08
5090,0.09
5091,0.08
5092,0.08
5093,0.08
5094,0.07
5095,0.06
5096,0.04
5097,0.04
5098,0.04
5099,0.04
5100,0.04
5101,0.04
5102,0.04
5103,0.05
5104,0.06
5105,0.88
5106,0.93
5107,0.95
5108,1.02
5109,0.94
5110,0.93
5111,0.09
5112,0.09
5113,0.08
5114,0.09
5115,0.08
5116,0.08
5117,0.08
5118,0.07
5119,0.06
5120,0.04
5121,0.04
5122,0.04
5123,0.04
5124,0.04
5125,0.04
5126,0.04
5127,0.05
5128,0.06
5129,0.88
5130,0.93
5131,0.95
5132,1.02
5133,0.94
5134,0.93
5135,0.09
5136,0.09
5137,0.09
5138,0.08
5139,0.08
5140,0.08
5141,0.08
5142,0.08
5143,0.07
5144,0.06
5145,0.06
5146,0.06
5147,0.06
5148,0.06
5149,0.06
5150,0.14
5151,0.3
5152,0.39
5153,1.15
5154,1.07
5155,0.98
5156,1.02
5157,0.88
5158,0.87
5159,0.09
5160,0.09
5161,0.09
5162,0.08
5163,0.08
5164,0.08
5165,0.08
5166,0.08
5167,0.07
5168,0.06
5169,0.06
5170,0.06
5171,0.06
5172,0.06
5173,0.06
5174,0.14
5175,0.3
5176,0.39
5177,1.15
5178,1.07
5179,0.98
5180,1.02
5181,0.88
5182,0.87
5183,0.09
5184,0.09
5185,0.09
5186,0.08
5187,0.08
5188,0.08
5189,0.08
5190,0.08
5191,0.07
5192,0.06
5193,0.06
5194,0.06
5195,0.06
5196,0.06
5197,0.06
5198,0.14
5199,0.3
5200,0.39
5201,1.15
5202,1.07
5203,0.98
5204,1.02
5205,0.88
5206,0.87
5207,0.09
5208,0.09
5209,0.09
5210,0.08
5211,0.08
5212,0.08
5213,0.08
5214,0.08
5215,0.07
5216,0.06
5217,0.06
5218,0.06
5219,0.06
5220,0.06
5221,0.06
5222,0.14
5223,0.3
5224,0.39
5225,1.15
5226,1.07
5227,0.98
5228,1.02
5229,0.88
5230,0.87
5231,0.09
5232,0.09
5233,0.09
5234,0.08
5235,0.08
5236,0.08
5237,0.08
5238,0.08
5239,0.07
5240,0.06
5241,0.06
5242,0.06
5243,0.06
5244,0.06
5245,0.06
5246,0.14
5247,0.3
5248,0.39
5249,1.15
5250,1.07
5251,0.98
5252,1.02
5253,0.88
5254,0.87
5255,0.09
5256,0.09
5257,0.08
5258,0.09
5259,0.08
5260,0.08
5261,0.08
5262,0.07
5263,0.06
5264,0.04
5265,0.04
5266,0.04
5267,0.04
5268,0.04
5269,0.04
5270,0.04
5271,0.05
5272,0.06
5273,0.88
5274,0.93
5275,0.95
5276,1.02
5277,0.94
5278,0.93
5279,0.09
5280,0.09
5281,0.08
5282,0.09
5283,0.08
5284,0.08
5285,0.08
5286,0.07
5287,0.06
5288,0.04
5289,0.04
5290,0.04
5291,0.04
5292,0.04
5293,0.04
5294,0.04
5295,0.05
5296,0.06
5297,0.88
5298,0.93
5299,0.95
5300,1.02
5301,0.94
5302,0.93
5303,0.09
5304,0.09
5305,0.09
5306,0.08
5307,0.08
5308,0.08
5309,0.08
5310,0.08
5311,0.07
5312,0.06
5313,0.06
5314,0.06
5315,0.06
5316,0.06
5317,0.06
5318,0.14
5319,0.3
5320,0.39
5321,1.15
5322,1.07
5323,0.98
5324,1.02
5325,0.88
5326,0.87
5327,0.09
5328,0.09
5329,0.09
5330,0.08
5331,0.08
5332,0.08
5333,0.08
5334,0.08
5335,0.07
5336,0.06
5337,0.06
5338,0.06
5339,0.06
5340,0.06
5341,0.06
5342,0.14
5343,0.3
5344,0.39
5345,1.15
5346,1.07
5347,0.98
5348,1.02
5349,0.88
5350,0.87
5351,0.09
5352,0.09
5353,0.09
5354,0.08
5355,0.08
5356,0.08
5357,0.08
5358,0.08
5359,0.07
5360,0.06
5361,0.06
5362,0.06
5363,0.06
5364,0.06
5365,0.06
5366,0.14
5367,0.3
5368,0.39
5369,1.15
5370,1.07
5371,0.98
5372,1.02
5373,0.88
5374,0.87
5375,0.09
5376,0.09
5377,0.09
5378,0.08
5379,0.08
5380,0.08
5381,0.08
5382,0.08
5383,0.07
5384,0.06
5385,0.06
5386,0.06
5387,0.06
5388,0.06
5389,0.06
5390,0.14
5391,0.3
5392,0.39
5393,1.15
5394,1.07
5395,0.98
5396,1.02
5397,0.88
5398,0.87
5399,0.09
5400,0.09
5401,0.09
5402,0.08
5403,0.08
5404,0.08
5405,0.08
5406,0.08
5407,0.07
5408,0.06
5409,0.06
5410,0.06
5411,0.06
5412,0.06
5413,0.06
5414,0.14
5415,0.3
5416,0.39
5417,1.15
5418,1.07
5419,0.98
5420,1.02
5421,0.88
5422,0.87
5423,0.09
5424,0.09
5425,0.08
5426,0.09
5427,0.08
5428,0.08
5429,0.08
5430,0.07
5431,0.06
5432,0.04
5433,0.04
5434,0.04
5435,0.04
5436,0.04
5437,0.04
5438,0.04
5439,0.05
5440,0.06
5441,0.88
5442,0.93
5443,0.95
5444,1.02
5445,0.94
5446,0.93
5447,0.09
5448,0.09
5449,0.08
5450,0.09
5451,0.08
5452,0.08
5453,0.08
5454,0.07
5455,0.06
5456,0.04
5457,0.04
5458,0.04
5459,0.04
5460,0.04
5461,0.04
5462,0.04
5463,0.05
5464,0.06
5465,0.88
5466,0.93
5467,0.95
5468,1.02
5469,0.94
5470,0.93
5471,0.09
5472,0.09
5473,0.09
5474,0.08
5475,0.08
5476,0.08
5477,0.08
5478,0.08
5479,0.07
5480,0.06
5481,0.06
5482,0.06
5483,0.06
5484,0.06
5485,0.06
5486,0.14
5487,0.3
5488,0.39
5489,1.15
5490,1.07
5491,0.98
5492,1.02
5493,0.88
5494,0.87
5495,0.09
5496,0.09
5497,0.09
5498,0.08
5499,0.08
5500,0.08
5501,0.08
5502,0.08
5503,0.07
5504,0.06
5505,0.06
5506,0.06
5507,0.06
5508,0.06
5509,0.06
5510,0.14
5511,0.3
5512,0.39
5513,1.15
5514,1.07
5515,0.98
5516,1.02
5517,0.88
5518,0.87
5519,0.09
5520,0.09
5521,0.09
5522,0.08
5523,0.08
5524,0.08
5525,0.08
5526,0.08
5527,0.07
5528,0.06
5529,0.06
5530,0.06
5531,0.06
5532,0.06
5533,0.06
5534,0.14
5535,0.3
5536,0.39
5537,1.15
5538,1.07
5539,0.98
5540,1.02
5541,0.88
5542,0.87
5543,0.09
5544,0.09
5545,0.09
5546,0.08
5547,0.08
5548,0.08
5549,0.08
5550,0.08
5551,0.07
5552,0.06
5553,0.06
5554,0.06
5555,0.06
5556,0.06
5557,0.06
5558,0.14
5559,0.3
5560,0.39
5561,1.15
5562,1.07
5563,0.98
5564,1.02
5565,0.88
5566,0.87
5567,0.09
5568,0.09
5569,0.09
5570,0.08
5571,0.08
5572,0.08
5573,0.08
5574,0.08
5575,0.07
5576,0.06
5577,0.06
5578,0.06
5579,0.06
5580,0.06
5581,0.06
5582,0.14
5583,0.3
5584,0.39
5585,1.15
5586,1.07
5587,0.98
5588,1.02
5589,0.88
5590,0.87
5591,0.09
5592,0.09
5593,0.08
5594,0.09
5595,0.08
5596,0.08
5597,0.08
5598,0.07
5599,0.06
5600,0.04
5601,0.04
5602,0.04
5603,0.04
5604,0.04
5605,0.04
5606,0.04
5607,0.05
5608,0.06
5609,0.88
5610,0.93
5611,0.95
5612,1.02
5613,0.94
5614,0.93
5615,0.09
5616,0.09
5617,0.08
5618,0.09
5619,0.08
5620,0.08
5621,0.08
5622,0.07
5623,0.06
5624,0.04
5625,0.04
5626,0.04
5627,0.04
5628,0.04
5629,0.04
5630,0.04
5631,0.05
5632,0.06
5633,0.88
5634,0.93
5635,0.95
5636,1.02
5637,0.94
5638,0.93
5639,0.09
5640,0.09
5641,0.09
5642,0.08
5643,0.08
5644,0.08
5645,0.08
5646,0.08
5647,0.07
5648,0.06
5649,0.06
5650,0.06
5651,0.06
5652,0.06
5653,0.06
5654,0.14
5655,0.3
5656,0.39
5657,1.15
5658,1.07
5659,0.98
5660,1.02
5661,0.88
5662,0.87
5663,0.09
5664,0.09
5665,0.09
5666,0.08
5667,0.08
5668,0.08
5669,0.08
5670,0.08
5671,0.07
5672,0.06
5673,0.06
5674,0.06
5675,0.06
5676,0.06
5677,0.06
5678,0.14
5679,0.3
5680,0.39
5681,1.15
5682,1.07
5683,0.98
5684,1.02
5685,0.88
5686,0.87
5687,0.09
5688,0.09
5689,0.09
5690,0.08
5691,0.08
5692,0.08
5693,0.08
5694,0.08
5695,0.07
5696,0.06
5697,0.06
5698,0.06
5699,0.06
5700,0.06
5701,0.06
5702,0.14
5703,0.3
5704,0.39
5705,1.15
5706,1.07
5707,0.98
5708,1.02
5709,0.88
5710,0.87
5711,0.09
5712,0.09
5713,0.09
5714,0.08
5715,0.08
5716,0.08
5717,0.08
5718,0.08
5719,0.07
5720,0.06
5721,0.06
5722,0.06
5723,0.06
5724,0.06
5725,0.06
5726,0.14
5727,0.3
5728,0.39
5729,1.15
5730,1.07
5731,0.98
5732,1.02
5733,0.88
5734,0.87
5735,0.09
5736,0.09
5737,0.09
5738,0.08
5739,0.08
5740,0.08
5741,0.08
5742,0.08
5743,0.07
5744,0.06
5745,0.06
5746,0.06
5747,0.06
5748,0.06
5749,0.06
5750,0.14
5751,0.3
5752,0.39
5753,1.15
5754,1.07
5755,0.98
5756,1.02
5757,0.88
5758,0.87
5759,0.09
5760,0.09
5761,0.08
5762,0.09
5763,0.08
5764,0.08
5765,0.08
5766,0.07
5767,0.06
5768,0.04
5769,0.04
5770,0.04
5771,0.04
5772,0.04
5773,0.04
5774,0.04
5775,0.05
5776,0.06
5777,0.88
5778,0.93
5779,0.95
5780,1.02
5781,0.94
5782,0.93
5783,0.09
5784,0.09
5785,0.08
5786,0.09
5787,0.08
5788,0.08
5789,0.08
5790,0.07
5791,0.06
5792,0.04
5793,0.04
5794,0.04
5795,0.04
5796,0.04
5797,0.04
5798,0.04
5799,0.05
5800,0.06
5801,0.88
5802,0.93
5803,0.95
5804,1.02
5805,0.94
5806,0.93
5807,0.09
5808,0.09
5809,0.09
5810,0.08
5811,0.08
5812,0.08
5813,0.08
5814,0.08
5815,0.07
5816,0.06
5817,0.06
5818,0.06
5819,0.06
5820,0.06
5821,0.06
5822,0.14
5823,0.3
5824,0.39
5825,1.15
5826,1.07
5827,0.98
5828,1.02
5829,0.88
5830,0.87
5831,0.09
5832,0.09
5833,0.09
5834,0.09
5835,0.08
5836,0.08
5837,0.08
5838,0.08
5839,0.07
5840,0.06
5841,0.06
5842,0.06
5843,0.06
5844,0.06
5845,0.06
5846,0.05
5847,0.05
5848,0.11
5849,0.18
5850,0.48
5851,0.62
5852,0.33
5853,0.16
5854,0.16
5855,0.1
5856,0.09
5857,0.09
5858,0.09
5859,0.08
5860,0.08
5861,0.08
5862,0.08
5863,0.07
5864,0.06
5865,0.06
5866,0.06
5867,0.06
5868,0.06
5869,0.06
5870,0.05
5871,0.05
5872,0.11
5873,0.18
5874,0.48
5875,0.62
5876,0.33
5877,0.16
5878,0.16
5879,0.1
5880,0.09
5881,0.09
5882,0.09
5883,0.08
5884,0.08
5885,0.08
5886,0.08
5887,0.07
5888,0.06
5889,0.06
5890,0.06
5891,0.06
5892,0.06
5893,0.06
5894,0.05
5895,0.05
5896,0.11
5897,0.18
5898,0.48
5899,0.62
5900,0.33
5901,0.16
5902,0.16
5903,0.1
5904,0.09
5905,0.09
5906,0.09
5907,0.08
5908,0.08
5909,0.08
5910,0.08
5911,0.07
5912,0.06
5913,0.06
5914,0.06
5915,0.06
5916,0.06
5917,0.06
5918,0.05
5919,0.05
5920,0.11
5921,0.18
5922,0.48
5923,0.62
5924,0.33
5925,0.16
5926,0.16
5927,0.1
5928,0.09
5929,0.08
5930,0.08
5931,0.08
5932,0.08
5933,0.07
5934,0.07
5935,0.06
5936,0.03
5937,0.02
5938,0.02
5939,0.02
5940,0.01
5941,0.01
5942,0.02
5943,0.02
5944,0.04
5945,0.11
5946,0.47
5947,0.61
5948,0.31
5949,0.15
5950,0.15
5951,0.09
5952,0.08
5953,0.08
5954,0.08
5955,0.08
5956,0.08
5957,0.07
5958,0.07
5959,0.06
5960,0.03
5961,0.02
5962,0.02
5963,0.02
5964,0.01
5965,0.01
5966,0.02
5967,0.02
5968,0.04
5969,0.11
5970,0.47
5971,0.61
5972,0.31
5973,0.15
5974,0.15
5975,0.09
5976,0.08
5977,0.09
5978,0.09
5979,0.08
5980,0.08
5981,0.08
5982,0.08
5983,0.07
5984,0.06
5985,0.06
5986,0.06
5987,0.06
5988,0.06
5989,0.06
5990,0.05
5991,0.05
5992,0.11
5993,0.18
5994,0.48
5995,0.62
5996,0.33
5997,0.16
5998,0.16
5999,0.1
6000,0.09
6001,0.09
6002,0.09
6003,0.08
6004,0.08
6005,0.08
6006,0.08
6007,0.07
6008,0.06
6009,0.06
6010,0.06
6011,0.06
6012,0.06
6013,0.06
6014,0.05
6015,0.05
6016,0.11
6017,0.18
6018,0.48
6019,0.62
6020,0.33
6021,0.16
6022,0.16
6023,0.1
6024,0.09
6025,0.09
6026,0.09
6027,0.08
6028,0.08
6029,0.08
6030,0.08
6031,0.07
6032,0.06
6033,0.06
6034,0.06
6035,0.06
6036,0.06
6037,0.06
6038,0.05
6039,0.05
6040,0.11
6041,0.18
6042,0.48
6043,0.62
6044,0.33
6045,0.16
6046,0.16
6047,0.1
6048,0.09
6049,0.09
6050,0.09
6051,0.08
6052,0.08
6053,0.08
6054,0.08
6055,0.07
6056,0.06
6057,0.06
6058,0.06
6059,0.06
6060,0.06
6061,0.06
6062,0.05
6063,0.05
6064,0.11
6065,0.18
6066,0.48
6067,0.62
6068,0.33
6069,0.16
6070,0.16
6071,0.1
6072,0.09
6073,0.09
6074,0.09
6075,0.08
6076,0.08
6077,0.08
6078,0.08
6079,0.07
6080,0.06
6081,0.06
6082,0.06
6083,0.06
6084,0.06
6085,0.06
6086,0.05
6087,0.05
6088,0.11
6089,0.18
6090,0.48
6091,0.62
6092,0.33
6093,0.16
6094,0.16
6095,0.1
6096,0.09
6097,0.08
6098,0.08
6099,0.08
6100,0.08
6101,0.07
6102,0.07
6103,0.06
6104,0.03
6105,0.02
6106,0.02
6107,0.02
6108,0.01
6109,0.01
6110,0.02
6111,0.02
6112,0.04
6113,0.11
6114,0.47
6115,0.61
6116,0.31
6117,0.15
6118,0.15
6119,0.09
6120,0.08
6121,0.08
6122,0.08
6123,0.08
6124,0.08
6125,0.07
6126,0.07
6127,0.06
6128,0.03
6129,0.02
6130,0.02
6131,0.02
6132,0.01
6133,0.01
6134,0.02
6135,0.02
6136,0.04
6137,0.11
6138,0.47
6139,0.61
6140,0.31
6141,0.15
6142,0.15
6143,0.09
6144,0.08
6145,0.09
6146,0.09
6147,0.08
6148,0.08
6149,0.08
6150,0.08
6151,0.07
6152,0.06
6153,0.06
6154,0.06
6155,0.06
6156,0.06
6157,0.06
6158,0.05
6159,0.05
6160,0.11
6161,0.18
6162,0.48
6163,0.62
6164,0.33
6165,0.16
6166,0.16
6167,0.1
6168,0.09
6169,0.09
6170,0.09
6171,0.08
6172,0.08
6173,0.08
6174,0.08
6175,0.07
6176,0.06
6177,0.06
6178,0.06
6179,0.06
6180,0.06
6181,0.06
6182,0.05
6183,0.05
6184,0.11
6185,0.18
6186,0.48
6187,0.62
6188,0.33
6189,0.16
6190,0.16
6191,0.1
6192,0.09
6193,0.09
6194,0.09
6195,0.08
6196,0.08
6197,0.08
6198,0.08
6199,0.07
6200,0.06
6201,0.06
6202,0.06
6203,0.06
6204,0.06
6205,0.06
6206,0.05
6207,0.05
6208,0.11
6209,0.18
6210,0.48
6211,0.62
6212,0.33
6213,0.16
6214,0.16
6215,0.1
6216,0.09
6217,0.09
6218,0.09
6219,0.08
6220,0.08
6221,0.08
6222,0.08
6223,0.07
6224,0.06
6225,0.06
6226,0.06
6227,0.06
6228,0.06
6229,0.06
6230,0.05
6231,0.05
6232,0.11
6233,0.18
6234,0.48
6235,0.62
6236,0.33
6237,0.16
6238,0.16
6239,0.1
6240,0.09
6241,0.09
6242,0.09
6243,0.08
6244,0.08
6245,0.08
6246,0.08
6247,0.07
6248,0.06
6249,0.06
6250,0.06
6251,0.06
6252,0.06
6253,0.06
6254,0.05
6255,0.05
6256,0.11
6257,0.18
6258,0.48
6259,0.62
6260,0.33
6261,0.16
6262,0.16
6263,0.1
6264,0.09
6265,0.08
6266,0.08
6267,0.08
6268,0.08
6269,0.07
6270,0.07
6271,0.06
6272,0.03
6273,0.02
6274,0.02
6275,0.02
6276,0.01
6277,0.01
6278,0.02
6279,0.02
6280,0.04
6281,0.11
6282,0.47
6283,0.61
6284,0.31
6285,0.15
6286,0.15
6287,0.09
6288,0.08
6289,0.08
6290,0.08
6291,0.08
6292,0.08
6293,0.07
6294,0.07
6295,0.06
6296,0.03
6297,0.02
6298,0.02
6299,0.02
6300,0.01
6301,0.01
6302,0.02
6303,0.02
6304,0.04
6305,0.11
6306,0.47
6307,0.61
6308,0.31
6309,0.15
6310,0.15
6311,0.09
6312,0.08
6313,0.09
6314,0.09
6315,0.08
6316,0.08
6317,0.08
6318,0.08
6319,0.07
6320,0.06
6321,0.06
6322,0.06
6323,0.06
6324,0.06
6325,0.06
6326,0.05
6327,0.05
6328,0.11
6329,0.18
6330,0.48
6331,0.62
6332,0.33
6333,0.16
6334,0.16
6335,0.1
6336,0.09
6337,0.09
6338,0.09
6339,0.08
6340,0.08
6341,0.08
6342,0.08
6343,0.07
6344,0.06
6345,0.06
6346,0.06
6347,0.06
6348,0.06
6349,0.06
6350,0.05
6351,0.05
6352,0.11
6353,0.18
6354,0.48
6355,0.62
6356,0.33
6357,0.16
6358,0.16
6359,0.1
6360,0.09
6361,0.09
6362,0.09
6363,0.08
6364,0.08
6365,0.08
6366,0.08
6367,0.07
6368,0.06
6369,0.06
6370,0.06
6371,0.06
6372,0.06
6373,0.06
6374,0.05
6375,0.05
6376,0.11
6377,0.18
6378,0.48
6379,0.62
6380,0.33
6381,0.16
6382,0.16
6383,0.1
6384,0.09
6385,0.09
6386,0.09
6387,0.08
6388,0.08
6389,0.08
6390,0.08
6391,0.07
6392,0.06
6393,0.06
6394,0.06
6395,0.06
6396,0.06
6397,0.06
6398,0.05
6399,0.05
6400,0.11
6401,0.18
6402,0.48
6403,0.62
6404,0.33
6405,0.16
6406,0.16
6407,0.1
6408,0.09
6409,0.09
6410,0.09
6411,0.08
6412,0.08
6413,0.08
6414,0.08
6415,0.07
6416,0.06
6417,0.06
6418,0.06
6419,0.06
6420,0.06
6421,0.06
6422,0.05
6423,0.05
6424,0.11
6425,0.18
6426,0.48
6427,0.62
6428,0.33
6429,0.16
6430,0.16
6431,0.1
6432,0.09
6433,0.08
6434,0.08
6435,0.08
6436,0.08
6437,0.07
6438,0.07
6439,0.06
6440,0.03
6441,0.02
6442,0.02
6443,0.02
6444,0.01
6445,0.01
6446,0.02
6447,0.02
6448,0.04
6449,0.11
6450,0.47
6451,0.61
6452,0.31
6453,0.15
6454,0.15
6455,0.09
6456,0.08
6457,0.08
6458,0.08
6459,0.08
6460,0.08
6461,0.07
6462,0.07
6463,0.06
6464,0.03
6465,0.02
6466,0.02
6467,0.02
6468,0.01
6469,0.01
6470,0.02
6471,0.02
6472,0.04
6473,0.11
6474,0.47
6475,0.61
6476,0.31
6477,0.15
6478,0.15
6479,0.09
6480,0.08
6481,0.09
6482,0.09
6483,0.08
6484,0.08
6485,0.08
6486,0.08
6487,0.07
6488,0.06
6489,0.06
6490,0.06
6491,0.06
6492,0.06
6493,0.06
6494,0.05
6495,0.05
6496,0.11
6497,0.18
6498,0.48
6499,0.62
6500,0.33
6501,0.16
6502,0.16
6503,0.1
6504,0.09
6505,0.09
6506,0.09
6507,0.08
6508,0.08
6509,0.08
6510,0.08
6511,0.07
6512,0.06
6513,0.06
6514,0.06
6515,0.06
6516,0.06
6517,0.06
6518,0.05
6519,0.05
6520,0.11
6521,0.18
6522,0.48
6523,0.62
6524,0.33
6525,0.16
6526,0.16
6527,0.1
6528,0.09
6529,0.09
6530,0.09
6531,0.08
6532,0.08
6533,0.08
6534,0.08
6535,0.07
6536,0.06
6537,0.06
6538,0.06
6539,0.06
6540,0.06
6541,0.06
6542,0.05
6543,0.05
6544,0.11
6545,0.18
6546,0.48
6547,0.62
6548,0.33
6549,0.16
6550,0.16
6551,0.1
6552,0.09
6553,0.09
6554,0.08
6555,0.08
6556,0.08
6557,0.08
6558,0.08
6559,0.07
6560,0.06
6561,0.06
6562,0.06
6563,0.06
6564,0.05
6565,0.05
6566,0.05
6567,0.05
6568,0.06
6569,0.09
6570,0.09
6571,0.09
6572,0.09
6573,0.08
6574,0.09
6575,0.09
6576,0.08
6577,0.09
6578,0.08
6579,0.08
6580,0.08
6581,0.08
6582,0.08
6583,0.07
6584,0.06
6585,0.06
6586,0.06
6587,0.06
6588,0.05
6589,0.05
6590,0.05
6591,0.05
6592,0.06
6593,0.09
6594,0.09
6595,0.09
6596,0.09
6597,0.08
6598,0.09
6599,0.09
6600,0.08
6601,0.08
6602,0.08
6603,0.08
6604,0.08
6605,0.07
6606,0.07
6607,0.06
6608,0.04
6609,0.02
6610,0.02
6611,0.02
6612,0.02
6613,0.02
6614,0.02
6615,0.02
6616,0.04
6617,0.08
6618,0.08
6619,0.08
6620,0.08
6621,0.08
6622,0.09
6623,0.08
6624,0.09
6625,0.08
6626,0.08
6627,0.08
6628,0.08
6629,0.07
6630,0.07
6631,0.06
6632,0.04
6633,0.02
6634,0.02
6635,0.02
6636,0.02
6637,0.02
6638,0.02
6639,0.02
6640,0.04
6641,0.08
6642,0.08
6643,0.08
6644,0.08
6645,0.08
6646,0.09
6647,0.08
6648,0.09
6649,0.09
6650,0.08
6651,0.08
6652,0.08
6653,0.08
6654,0.08
6655,0.07
6656,0.06
6657,0.06
6658,0.06
6659,0.06
6660,0.05
6661,0.05
6662,0.05
6663,0.05
6664,0.06
6665,0.09
6666,0.09
6667,0.09
6668,0.09
6669,0.08
6670,0.09
6671,0.09
6672,0.08
6673,0.09
6674,0.08
6675,0.08
6676,0.08
6677,0.08
6678,0.08
6679,0.07
6680,0.06
6681,0.06
6682,0.06
6683,0.06
6684,0.05
6685,0.05
6686,0.05
6687,0.05
6688,0.06
6689,0.09
6690,0.09
6691,0.09
6692,0.09
6693,0.08
6694,0.09
6695,0.09
6696,0.08
6697,0.09
6698,0.08
6699,0.08
6700,0.08
6701,0.08
6702,0.08
6703,0.07
6704,0.06
6705,0.06
6706,0.06
6707,0.06
6708,0.05
6709,0.05
6710,0.05
6711,0.05
6712,0.06
6713,0.09
6714,0.09
6715,0.09
6716,0.09
6717,0.08
6718,0.09
6719,0.09
6720,0.08
6721,0.09
6722,0.08
6723,0.08
6724,0.08
6725,0.08
6726,0.08
6727,0.07
6728,0.06
6729,0.06
6730,0.06
6731,0.06
6732,0.05
6733,0.05
6734,0.05
6735,0.05
6736,0.06
6737,0.09
6738,0.09
6739,0.09
6740,0.09
6741,0.08
6742,0.09
6743,0.09
6744,0.08
6745,0.09
6746,0.08
6747,0.08
6748,0.08
6749,0.08
6750,0.08
6751,0.07
6752,0.06
6753,0.06
6754,0.06
6755,0.06
6756,0.05
6757,0.05
6758,0.05
6759,0.05
6760,0.06
6761,0.09
6762,0.09
6763,0.09
6764,0.09
6765,0.08
6766,0.09
6767,0.09
6768,0.08
6769,0.08
6770,0.08
6771,0.08
6772,0.08
6773,0.07
6774,0.07
6775,0.06
6776,0.04
6777,0.02
6778,0.02
6779,0.02
6780,0.02
6781,0.02
6782,0.02
6783,0.02
6784,0.04
6785,0.08
6786,0.08
6787,0.08
6788,0.08
6789,0.08
6790,0.09
6791,0.08
6792,0.09
6793,0.08
6794,0.08
6795,0.08
6796,0.08
6797,0.07
6798,0.07
6799,0.06
6800,0.04
6801,0.02
6802,0.02
6803,0.02
6804,0.02
6805,0.02
6806,0.02
6807,0.02
6808,0.04
6809,0.08
6810,0.08
6811,0.08
6812,0.08
6813,0.08
6814,0.09
6815,0.08
6816,0.09
6817,0.09
6818,0.08
6819,0.08
6820,0.08
6821,0.08
6822,0.08
6823,0.07
6824,0.06
6825,0.06
6826,0.06
6827,0.06
6828,0.05
6829,0.05
6830,0.05
6831,0.05
6832,0.06
6833,0.09
6834,0.09
6835,0.09
6836,0.09
6837,0.08
6838,0.09
6839,0.09
6840,0.08
6841,0.09
6842,0.08
6843,0.08
6844,0.08
6845,0.08
6846,0.08
6847,0.07
6848,0.06
6849,0.06
6850,0.06
6851,0.06
6852,0.05
6853,0.05
6854,0.05
6855,0.05
6856,0.06
6857,0.09
6858,0.09
6859,0.09
6860,0.09
6861,0.08
6862,0.09
6863,0.09
6864,0.08
6865,0.09
6866,0.08
6867,0.08
6868,0.08
6869,0.08
6870,0.08
6871,0.07
6872,0.06
6873,0.06
6874,0.06
6875,0.06
6876,0.05
6877,0.05
6878,0.05
6879,0.05
6880,0.06
6881,0.09
6882,0.09
6883,0.09
6884,0.09
6885,0.08
6886,0.09
6887,0.09
6888,0.08
6889,0.09
6890,0.08
6891,0.08
6892,0.08
6893,0.08
6894,0.08
6895,0.07
6896,0.06
6897,0.06
6898,0.06
6899,0.06
6900,0.05
6901,0.05
6902,0.05
6903,0.05
6904,0.06
6905,0.09
6906,0.09
6907,0.09
6908,0.09
6909,0.08
6910,0.09
6911,0.09
6912,0.08
6913,0.09
6914,0.08
6915,0.08
6916,0.08
6917,0.08
6918,0.08
6919,0.07
6920,0.06
6921,0.06
6922,0.06
6923,0.06
6924,0.05
6925,0.05
6926,0.05
6927,0.05
6928,0.06
6929,0.09
6930,0.09
6931,0.09
6932,0.09
6933,0.08
6934,0.09
6935,0.09
6936,0.08
6937,0.08
6938,0.08
6939,0.08
6940,0.08
6941,0.07
6942,0.07
6943,0.06
6944,0.04
6945,0.02
6946,0.02
6947,0.02
6948,0.02
6949,0.02
6950,0.02
6951,0.02
6952,0.04
6953,0.08
6954,0.08
6955,0.08
6956,0.08
6957,0.08
6958,0.09
6959,0.08
6960,0.09
6961,0.08
6962,0.08
6963,0.08
6964,0.08
6965,0.07
6966,0.07
6967,0.06
6968,0.04
6969,0.02
6970,0.02
6971,0.02
6972,0.02
6973,0.02
6974,0.02
6975,0.02
6976,0.04
6977,0.08
6978,0.08
6979,0.08
6980,0.08
6981,0.08
6982,0.09
6983,0.08
6984,0.09
6985,0.09
6986,0.08
6987,0.08
6988,0.08
6989,0.08
6990,0.08
6991,0.07
6992,0.06
6993,0.06
6994,0.06
6995,0.06
6996,0.05
6997,0.05
6998,0.05
6999,0.05
7000,0.06
7001,0.09
7002,0.09
7003,0.09
7004,0.09
7005,0.08
7006,0.09
7007,0.09
7008,0.08
7009,0.09
7010,0.08
7011,0.08
7012,0.08
7013,0.08
7014,0.08
7015,0.07
7016,0.06
7017,0.06
7018,0.06
7019,0.06
7020,0.05
7021,0.05
7022,0.05
7023,0.05
7024,0.06
7025,0.09
7026,0.09
7027,0.09
7028,0.09
7029,0.08
7030,0.09
7031,0.09
7032,0.08
7033,0.09
7034,0.08
7035,0.08
7036,0.08
7037,0.08
7038,0.08
7039,0.07
7040,0.06
7041,0.06
7042,0.06
7043,0.06
7044,0.05
7045,0.05
7046,0.05
7047,0.05
7048,0.06
7049,0.09
7050,0.09
7051,0.09
7052,0.09
7053,0.08
7054,0.09
7055,0.09
7056,0.08
7057,0.09
7058,0.08
7059,0.08
7060,0.08
7061,0.08
7062,0.08
7063,0.07
7064,0.06
7065,0.06
7066,0.06
7067,0.06
7068,0.05
7069,0.05
7070,0.05
7071,0.05
7072,0.06
7073,0.09
7074,0.09
7075,0.09
7076,0.09
7077,0.08
7078,0.09
7079,0.09
7080,0.08
7081,0.09
7082,0.08
7083,0.08
7084,0.08
7085,0.08
7086,0.08
7087,0.07
7088,0.06
7089,0.06
7090,0.06
7091,0.06
7092,0.05
7093,0.05
7094,0.05
7095,0.05
7096,0.06
7097,0.09
7098,0.09
7099,0.09
7100,0.09
7101,0.08
7102,0.09
7103,0.09
7104,0.08
7105,0.08
7106,0.08
7107,0.08
7108,0.08
7109,0.07
7110,0.07
7111,0.06
7112,0.04
7113,0.02
7114,0.02
7115,0.02
7116,0.02
7117,0.02
7118,0.02
7119,0.02
7120,0.04
7121,0.08
7122,0.08
7123,0.08
7124,0.08
7125,0.08
7126,0.09
7127,0.08
7128,0.09
7129,0.08
7130,0.08
7131,0.08
7132,0.08
7133,0.07
7134,0.07
7135,0.06
7136,0.04
7137,0.02
7138,0.02
7139,0.02
7140,0.02
7141,0.02
7142,0.02
7143,0.02
7144,0.04
7145,0.08
7146,0.08
7147,0.08
7148,0.08
7149,0.08
7150,0.09
7151,0.08
7152,0.09
7153,0.09
7154,0.08
7155,0.08
7156,0.08
7157,0.08
7158,0.08
7159,0.07
7160,0.06
7161,0.06
7162,0.06
7163,0.06
7164,0.05
7165,0.05
7166,0.05
7167,0.05
7168,0.06
7169,0.09
7170,0.09
7171,0.09
7172,0.09
7173,0.08
7174,0.09
7175,0.09
7176,0.08
7177,0.09
7178,0.08
7179,0.08
7180,0.08
7181,0.08
7182,0.08
7183,0.07
7184,0.06
7185,0.06
7186,0.06
7187,0.06
7188,0.05
7189,0.05
7190,0.05
7191,0.05
7192,0.06
7193,0.09
7194,0.09
7195,0.09
7196,0.09
7197,0.08
7198,0.09
7199,0.09
7200,0.08
7201,0.09
7202,0.08
7203,0.08
7204,0.08
7205,0.08
7206,0.08
7207,0.07
7208,0.06
7209,0.06
7210,0.06
7211,0.06
7212,0.05
7213,0.05
7214,0.05
7215,0.05
7216,0.06
7217,0.09
7218,0.09
7219,0.09
7220,0.09
7221,0.08
7222,0.09
7223,0.09
7224,0.08
7225,0.09
7226,0.08
7227,0.08
7228,0.08
7229,0.08
7230,0.08
7231,0.07
7232,0.06
7233,0.06
7234,0.06
7235,0.06
7236,0.05
7237,0.05
7238,0.05
7239,0.05
7240,0.06
7241,0.09
7242,0.09
7243,0.09
7244,0.09
7245,0.08
7246,0.09
7247,0.09
7248,0.08
7249,0.09
7250,0.08
7251,0.08
7252,0.08
7253,0.08
7254,0.08
7255,0.07
7256,0.06
7257,0.06
7258,0.06
7259,0.06
7260,0.05
7261,0.05
7262,0.05
7263,0.05
7264,0.06
7265,0.09
7266,0.09
7267,0.09
7268,0.09
7269,0.08
7270,0.09
7271,0.09
7272,0.08
7273,0.08
7274,0.08
7275,0.08
7276,0.08
7277,0.07
7278,0.07
7279,0.06
7280,0.04
7281,0.02
7282,0.02
7283,0.02
7284,0.02
7285,0.02
7286,0.02
7287,0.02
7288,0.04
7289,0.08
7290,0.08
7291,0.08
7292,0.08
7293,0.08
7294,0.09
7295,0.08
7296,0.09
7297,0.07
7298,0.07
7299,0.07
7300,0.07
7301,0.07
7302,0.07
7303,0.07
7304,0.05
7305,0.03
7306,0.02
7307,0.02
7308,0.02
7309,0.02
7310,0.02
7311,0.02
7312,0.04
7313,0.08
7314,0.09
7315,0.08
7316,0.08
7317,0.08
7318,0.08
7319,0.08
7320,0.08
7321,0.08
7322,0.08
7323,0.08
7324,0.08
7325,0.08
7326,0.09
7327,0.08
7328,0.07
7329,0.06
7330,0.06
7331,0.06
7332,0.06
7333,0.05
7334,0.05
7335,0.05
7336,0.06
7337,0.09
7338,0.09
7339,0.09
7340,0.09
7341,0.08
7342,0.09
7343,0.09
7344,0.09
7345,0.08
7346,0.08
7347,0.08
7348,0.08
7349,0.08
7350,0.09
7351,0.08
7352,0.07
7353,0.06
7354,0.06
7355,0.06
7356,0.06
7357,0.05
7358,0.05
7359,0.05
7360,0.06
7361,0.09
7362,0.09
7363,0.09
7364,0.09
7365,0.08
7366,0.09
7367,0.09
7368,0.09
7369,0.08
7370,0.08
7371,0.08
7372,0.08
7373,0.08
7374,0.09
7375,0.08
7376,0.07
7377,0.06
7378,0.06
7379,0.06
7380,0.06
7381,0.05
7382,0.05
7383,0.05
7384,0.06
7385,0.09
7386,0.09
7387,0.09
7388,0.09
7389,0.08
7390,0.09
7391,0.09
7392,0.09
7393,0.08
7394,0.08
7395,0.08
7396,0.08
7397,0.08
7398,0.09
7399,0.08
7400,0.07
7401,0.06
7402,0.06
7403,0.06
7404,0.06
7405,0.05
7406,0.05
7407,0.05
7408,0.06
7409,0.09
7410,0.09
7411,0.09
7412,0.09
7413,0.08
7414,0.09
7415,0.09
7416,0.09
7417,0.08
7418,0.08
7419,0.08
7420,0.08
7421,0.08
7422,0.09
7423,0.08
7424,0.07
7425,0.06
7426,0.06
7427,0.06
7428,0.06
7429,0.05
7430,0.05
7431,0.05
7432,0.06
7433,0.09
7434,0.09
7435,0.09
7436,0.09
7437,0.08
7438,0.09
7439,0.09
7440,0.09
7441,0.07
7442,0.07
7443,0.07
7444,0.07
7445,0.07
7446,0.07
7447,0.07
7448,0.05
7449,0.03
7450,0.02
7451,0.02
7452,0.02
7453,0.02
7454,0.02
7455,0.02
7456,0.04
7457,0.08
7458,0.09
7459,0.08
7460,0.08
7461,0.08
7462,0.08
7463,0.08
7464,0.08
7465,0.07
7466,0.07
7467,0.07
7468,0.07
7469,0.07
7470,0.07
7471,0.07
7472,0.05
7473,0.03
7474,0.02
7475,0.02
7476,0.02
7477,0.02
7478,0.02
7479,0.02
7480,0.04
7481,0.08
7482,0.09
7483,0.08
7484,0.08
7485,0.08
7486,0.08
7487,0.08
7488,0.08
7489,0.08
7490,0.08
7491,0.08
7492,0.08
7493,0.08
7494,0.09
7495,0.08
7496,0.07
7497,0.06
7498,0.06
7499,0.06
7500,0.06
7501,0.05
7502,0.05
7503,0.05
7504,0.06
7505,0.09
7506,0.09
7507,0.09
7508,0.09
7509,0.08
7510,0.09
7511,0.09
7512,0.09
7513,0.08
7514,0.08
7515,0.08
7516,0.08
7517,0.08
7518,0.09
7519,0.08
7520,0.07
7521,0.06
7522,0.06
7523,0.06
7524,0.06
7525,0.05
7526,0.05
7527,0.05
7528,0.06
7529,0.09
7530,0.09
7531,0.09
7532,0.09
7533,0.08
7534,0.09
7535,0.09
7536,0.09
7537,0.08
7538,0.08
7539,0.08
7540,0.08
7541,0.08
7542,0.09
7543,0.08
7544,0.07
7545,0.06
7546,0.06
7547,0.06
7548,0.06
7549,0.05
7550,0.05
7551,0.05
7552,0.06
7553,0.09
7554,0.09
7555,0.09
7556,0.09
7557,0.08
7558,0.09
7559,0.09
7560,0.09
7561,0.08
7562,0.08
7563,0.08
7564,0.08
7565,0.08
7566,0.09
7567,0.08
7568,0.07
7569,0.06
7570,0.06
7571,0.06
7572,0.06
7573,0.05
7574,0.05
7575,0.05
7576,0.06
7577,0.09
7578,0.09
7579,0.09
7580,0.09
7581,0.08
7582,0.09
7583,0.09
7584,0.09
7585,0.08
7586,0.08
7587,0.08
7588,0.08
7589,0.08
7590,0.09
7591,0.08
7592,0.07
7593,0.06
7594,0.06
7595,0.06
7596,0.06
7597,0.05
7598,0.05
7599,0.05
7600,0.06
7601,0.09
7602,0.09
7603,0.09
7604,0.09
7605,0.08
7606,0.09
7607,0.09
7608,0.09
7609,0.07
7610,0.07
7611,0.07
7612,0.07
7613,0.07
7614,0.07
7615,0.07
7616,0.05
7617,0.03
7618,0.02
7619,0.02
7620,0.02
7621,0.02
7622,0.02
7623,0.02
7624,0.04
7625,0.08
7626,0.09
7627,0.08
7628,0.08
7629,0.08
7630,0.08
7631,0.08
7632,0.08
7633,0.07
7634,0.07
7635,0.07
7636,0.07
7637,0.07
7638,0.07
7639,0.07
7640,0.05
7641,0.03
7642,0.02
7643,0.02
7644,0.02
7645,0.02
7646,0.02
7647,0.02
7648,0.04
7649,0.08
7650,0.09
7651,0.08
7652,0.08
7653,0.08
7654,0.08
7655,0.08
7656,0.08
7657,0.08
7658,0.08
7659,0.08
7660,0.08
7661,0.08
7662,0.09
7663,0.08
7664,0.07
7665,0.06
7666,0.06
7667,0.06
7668,0.06
7669,0.05
7670,0.05
7671,0.05
7672,0.06
7673,0.09
7674,0.09
7675,0.09
7676,0.09
7677,0.08
7678,0.09
7679,0.09
7680,0.09
7681,0.08
7682,0.08
7683,0.08
7684,0.08
7685,0.08
7686,0.09
7687,0.08
7688,0.07
7689,0.06
7690,0.06
7691,0.06
7692,0.06
7693,0.05
7694,0.05
7695,0.05
7696,0.06
7697,0.09
7698,0.09
7699,0.09
7700,0.09
7701,0.08
7702,0.09
7703,0.09
7704,0.09
7705,0.08
7706,0.08
7707,0.08
7708,0.08
7709,0.08
7710,0.09
7711,0.08
7712,0.07
7713,0.06
7714,0.06
7715,0.06
7716,0.06
7717,0.05
7718,0.05
7719,0.05
7720,0.06
7721,0.09
7722,0.09
7723,0.09
7724,0.09
7725,0.08
7726,0.09
7727,0.09
7728,0.09
7729,0.08
7730,0.08
7731,0.08
7732,0.08
7733,0.08
7734,0.09
7735,0.08
7736,0.07
7737,0.06
7738,0.06
7739,0.06
7740,0.06
7741,0.05
7742,0.05
7743,0.05
7744,0.06
7745,0.09
7746,0.09
7747,0.09
7748,0.09
7749,0.08
7750,0.09
7751,0.09
7752,0.09
7753,0.08
7754,0.08
7755,0.08
7756,0.08
7757,0.08
7758,0.09
7759,0.08
7760,0.07
7761,0.06
7762,0.06
7763,0.06
7764,0.06
7765,0.05
7766,0.05
7767,0.05
7768,0.06
7769,0.09
7770,0.09
7771,0.09
7772,0.09
7773,0.08
7774,0.09
7775,0.09
7776,0.09
7777,0.07
7778,0.07
7779,0.07
7780,0.07
7781,0.07
7782,0.07
7783,0.07
7784,0.05
7785,0.03
7786,0.02
7787,0.02
7788,0.02
7789,0.02
7790,0.02
7791,0.02
7792,0.04
7793,0.08
7794,0.09
7795,0.08
7796,0.08
7797,0.08
7798,0.08
7799,0.08
7800,0.08
7801,0.07
7802,0.07
7803,0.07
7804,0.07
7805,0.07
7806,0.07
7807,0.07
7808,0.05
7809,0.03
7810,0.02
7811,0.02
7812,0.02
7813,0.02
7814,0.02
7815,0.02
7816,0.04
7817,0.08
7818,0.09
7819,0.08
7820,0.08
7821,0.08
7822,0.08
7823,0.08
7824,0.08
7825,0.08
7826,0.08
7827,0.08
7828,0.08
7829,0.08
7830,0.09
7831,0.08
7832,0.07
7833,0.06
7834,0.06
7835,0.06
7836,0.06
7837,0.05
7838,0.05
7839,0.05
7840,0.06
7841,0.09
7842,0.09
7843,0.09
7844,0.09
7845,0.08
7846,0.09
7847,0.09
7848,0.09
7849,0.08
7850,0.08
7851,0.08
7852,0.08
7853,0.08
7854,0.09
7855,0.08
7856,0.07
7857,0.06
7858,0.06
7859,0.06
7860,0.06
7861,0.05
7862,0.05
7863,0.05
7864,0.06
7865,0.09
7866,0.09
7867,0.09
7868,0.09
7869,0.08
7870,0.09
7871,0.09
7872,0.09
7873,0.08
7874,0.08
7875,0.08
7876,0.08
7877,0.08
7878,0.09
7879,0.08
7880,0.07
7881,0.06
7882,0.06
7883,0.06
7884,0.06
7885,0.05
7886,0.05
7887,0.05
7888,0.06
7889,0.09
7890,0.09
7891,0.09
7892,0.09
7893,0.08
7894,0.09
7895,0.09
7896,0.09
7897,0.08
7898,0.08
7899,0.08
7900,0.08
7901,0.08
7902,0.09
7903,0.08
7904,0.07
7905,0.06
7906,0.06
7907,0.06
7908,0.06
7909,0.05
7910,0.05
7911,0.05
7912,0.06
7913,0.09
7914,0.09
7915,0.09
7916,0.09
7917,0.08
7918,0.09
7919,0.09
7920,0.09
7921,0.08
7922,0.08
7923,0.08
7924,0.08
7925,0.08
7926,0.09
7927,0.08
7928,0.07
7929,0.06
7930,0.06
7931,0.06
7932,0.06
7933,0.05
7934,0.05
7935,0.05
7936,0.06
7937,0.09
7938,0.09
7939,0.09
7940,0.09
7941,0.08
7942,0.09
7943,0.09
7944,0.09
7945,0.07
7946,0.07
7947,0.07
7948,0.07
7949,0.07
7950,0.07
7951,0.07
7952,0.05
7953,0.03
7954,0.02
7955,0.02
7956,0.02
7957,0.02
7958,0.02
7959,0.02
7960,0.04
7961,0.08
7962,0.09
7963,0.08
7964,0.08
7965,0.08
7966,0.08
7967,0.08
7968,0.08
7969,0.07
7970,0.07
7971,0.07
7972,0.07
7973,0.07
7974,0.07
7975,0.07
7976,0.05
7977,0.03
7978,0.02
7979,0.02
7980,0.02
7981,0.02
7982,0.02
7983,0.02
7984,0.04
7985,0.08
7986,0.09
7987,0.08
7988,0.08
7989,0.08
7990,0.08
7991,0.08
7992,0.08
7993,0.08
7994,0.08
7995,0.08
7996,0.08
7997,0.08
7998,0.09
7999,0.08
8000,0.07
8001,0.06
8002,0.06
8003,0.06
8004,0.06
8005,0.05
8006,0.05
8007,0.05
8008,0.06
8009,0.09
8010,0.09
8011,0.09
8012,0.09
8013,0.08
8014,0.09
8015,0.09
8016,0.09
8017,0.09
8018,0.08
8019,0.08
8020,0.08
8021,0.08
8022,0.09
8023,0.1
8024,0.08
8025,0.07
8026,0.07
8027,0.06
8028,0.06
8029,0.06
8030,0.06
8031,0.05
8032,0.07
8033,0.09
8034,0.1
8035,0.1
8036,0.09
8037,0.09
8038,0.09
8039,0.09
8040,0.09
8041,0.09
8042,0.08
8043,0.08
8044,0.08
8045,0.08
8046,0.09
8047,0.1
8048,0.08
8049,0.07
8050,0.07
8051,0.06
8052,0.06
8053,0.06
8054,0.06
8055,0.05
8056,0.07
8057,0.09
8058,0.1
8059,0.1
8060,0.09
8061,0.09
8062,0.09
8063,0.09
8064,0.09
8065,0.09
8066,0.08
8067,0.08
8068,0.08
8069,0.08
8070,0.09
8071,0.1
8072,0.08
8073,0.07
8074,0.07
8075,0.06
8076,0.06
8077,0.06
8078,0.06
8079,0.05
8080,0.07
8081,0.09
8082,0.1
8083,0.1
8084,0.09
8085,0.09
8086,0.09
8087,0.09
8088,0.09
8089,0.09
8090,0.08
8091,0.08
8092,0.08
8093,0.08
8094,0.09
8095,0.1
8096,0.08
8097,0.07
8098,0.07
8099,0.06
8100,0.06
8101,0.06
8102,0.06
8103,0.05
8104,0.07
8105,0.09
8106,0.1
8107,0.1
8108,0.09
8109,0.09
8110,0.09
8111,0.09
8112,0.09
8113,0.08
8114,0.08
8115,0.07
8116,0.07
8117,0.07
8118,0.07
8119,0.07
8120,0.06
8121,0.04
8122,0.02
8123,0.02
8124,0.02
8125,0.02
8126,0.01
8127,0.02
8128,0.04
8129,0.08
8130,0.09
8131,0.08
8132,0.08
8133,0.08
8134,0.07
8135,0.07
8136,0.07
8137,0.08
8138,0.08
8139,0.07
8140,0.07
8141,0.07
8142,0.07
8143,0.07
8144,0.06
8145,0.04
8146,0.02
8147,0.02
8148,0.02
8149,0.02
8150,0.01
8151,0.02
8152,0.04
8153,0.08
8154,0.09
8155,0.08
8156,0.08
8157,0.08
8158,0.07
8159,0.07
8160,0.07
8161,0.09
8162,0.08
8163,0.08
8164,0.08
8165,0.08
8166,0.09
8167,0.1
8168,0.08
8169,0.07
8170,0.07
8171,0.06
8172,0.06
8173,0.06
8174,0.06
8175,0.05
8176,0.07
8177,0.09
8178,0.1
8179,0.1
8180,0.09
8181,0.09
8182,0.09
8183,0.09
8184,0.09
8185,0.09
8186,0.08
8187,0.08
8188,0.08
8189,0.08
8190,0.09
8191,0.1
8192,0.08
8193,0.07
8194,0.07
8195,0.06
8196,0.06
8197,0.06
8198,0.06
8199,0.05
8200,0.07
8201,0.09
8202,0.1
8203,0.1
8204,0.09
8205,0.09
8206,0.09
8207,0.09
8208,0.09
8209,0.09
8210,0.08
8211,0.08
8212,0.08
8213,0.08
8214,0.09
8215,0.1
8216,0.08
8217,0.07
8218,0.07
8219,0.06
8220,0.06
8221,0.06
8222,0.06
8223,0.05
8224,0.07
8225,0.09
8226,0.1
8227,0.1
8228,0.09
8229,0.09
8230,0.09
8231,0.09
8232,0.09
8233,0.09
8234,0.08
8235,0.08
8236,0.08
8237,0.08
8238,0.09
8239,0.1
8240,0.08
8241,0.07
8242,0.07
8243,0.06
8244,0.06
8245,0.06
8246,0.06
8247,0.05
8248,0.07
8249,0.09
8250,0.1
8251,0.1
8252,0.09
8253,0.09
8254,0.09
8255,0.09
8256,0.09
8257,0.09
8258,0.08
8259,0.08
8260,0.08
8261,0.08
8262,0.09
8263,0.1
8264,0.08
8265,0.07
8266,0.07
8267,0.06
8268,0.06
8269,0.06
8270,0.06
8271,0.05
8272,0.07
8273,0.09
8274,0.1
8275,0.1
8276,0.09
8277,0.09
8278,0.09
8279,0.09
8280,0.09
8281,0.08
8282,0.08
8283,0.07
8284,0.07
8285,0.07
8286,0.07
8287,0.07
8288,0.06
8289,0.04
8290,0.02
8291,0.02
8292,0.02
8293,0.02
8294,0.01
8295,0.02
8296,0.04
8297,0.08
8298,0.09
8299,0.08
8300,0.08
8301,0.08
8302,0.07
8303,0.07
8304,0.07
8305,0.08
8306,0.08
8307,0.07
8308,0.07
8309,0.07
8310,0.07
8311,0.07
8312,0.06
8313,0.04
8314,0.02
8315,0.02
8316,0.02
8317,0.02
8318,0.01
8319,0.02
8320,0.04
8321,0.08
8322,0.09
8323,0.08
8324,0.08
8325,0.08
8326,0.07
8327,0.07
8328,0.07
8329,0.09
8330,0.08
8331,0.08
8332,0.08
8333,0.08
8334,0.09
8335,0.1
8336,0.08
8337,0.07
8338,0.07
8339,0.06
8340,0.06
8341,0.06
8342,0.06
8343,0.05
8344,0.07
8345,0.09
8346,0.1
8347,0.1
8348,0.09
8349,0.09
8350,0.09
8351,0.09
8352,0.09
8353,0.09
8354,0.08
8355,0.08
8356,0.08
8357,0.08
8358,0.09
8359,0.1
8360,0.08
8361,0.07
8362,0.07
8363,0.06
8364,0.06
8365,0.06
8366,0.06
8367,0.05
8368,0.07
8369,0.09
8370,0.1
8371,0.1
8372,0.09
8373,0.09
8374,0.09
8375,0.09
8376,0.09
8377,0.09
8378,0.08
8379,0.08
8380,0.08
8381,0.08
8382,0.09
8383,0.1
8384,0.08
8385,0.07
8386,0.07
8387,0.06
8388,0.06
8389,0.06
8390,0.06
8391,0.05
8392,0.07
8393,0.09
8394,0.1
8395,0.1
8396,0.09
8397,0.09
8398,0.09
8399,0.09
8400,0.09
8401,0.09
8402,0.08
8403,0.08
8404,0.08
8405,0.08
8406,0.09
8407,0.1
8408,0.08
8409,0.07
8410,0.07
8411,0.06
8412,0.06
8413,0.06
8414,0.06
8415,0.05
8416,0.07
8417,0.09
8418,0.1
8419,0.1
8420,0.09
8421,0.09
8422,0.09
8423,0.09
8424,0.09
8425,0.09
8426,0.08
8427,0.08
8428,0.08
8429,0.08
8430,0.09
8431,0.1
8432,0.08
8433,0.07
8434,0.07
8435,0.06
8436,0.06
8437,0.06
8438,0.06
8439,0.05
8440,0.07
8441,0.09
8442,0.1
8443,0.1
8444,0.09
8445,0.09
8446,0.09
8447,0.09
8448,0.09
8449,0.08
8450,0.08
8451,0.07
8452,0.07
8453,0.07
8454,0.07
8455,0.07
8456,0.06
8457,0.04
8458,0.02
8459,0.02
8460,0.02
8461,0.02
8462,0.01
8463,0.02
8464,0.04
8465,0.08
8466,0.09
8467,0.08
8468,0.08
8469,0.08
8470,0.07
8471,0.07
8472,0.07
8473,0.08
8474,0.08
8475,0.07
8476,0.07
8477,0.07
8478,0.07
8479,0.07
8480,0.06
8481,0.04
8482,0.02
8483,0.02
8484,0.02
8485,0.02
8486,0.01
8487,0.02
8488,0.04
8489,0.08
8490,0.09
8491,0.08
8492,0.08
8493,0.08
8494,0.07
8495,0.07
8496,0.07
8497,0.09
8498,0.08
8499,0.08
8500,0.08
8501,0.08
8502,0.09
8503,0.1
8504,0.08
8505,0.07
8506,0.07
8507,0.06
8508,0.06
8509,0.06
8510,0.06
8511,0.05
8512,0.07
8513,0.09
8514,0.1
8515,0.1
8516,0.09
8517,0.09
8518,0.09
8519,0.09
8520,0.09
8521,0.09
8522,0.08
8523,0.08
8524,0.08
8525,0.08
8526,0.09
8527,0.1
8528,0.08
8529,0.07
8530,0.07
8531,0.06
8532,0.06
8533,0.06
8534,0.06
8535,0.05
8536,0.07
8537,0.09
8538,0.1
8539,0.1
8540,0.09
8541,0.09
8542,0.09
8543,0.09
8544,0.09
8545,0.09
8546,0.08
8547,0.08
8548,0.08
8549,0.08
8550,0.09
8551,0.1
8552,0.08
8553,0.07
8554,0.07
8555,0.06
8556,0.06
8557,0.06
8558,0.06
8559,0.05
8560,0.07
8561,0.09
8562,0.1
8563,0.1
8564,0.09
8565,0.09
8566,0.09
8567,0.09
8568,0.09
8569,0.09
8570,0.08
8571,0.08
8572,0.08
8573,0.08
8574,0.09
8575,0.1
8576,0.08
8577,0.07
8578,0.07
8579,0.06
8580,0.06
8581,0.06
8582,0.06
8583,0.05
8584,0.07
8585,0.09
8586,0.1
8587,0.1
8588,0.09
8589,0.09
8590,0.09
8591,0.09
8592,0.09
8593,0.09
8594,0.08
8595,0.08
8596,0.08
8597,0.08
8598,0.09
8599,0.1
8600,0.08
8601,0.07
8602,0.07
8603,0.06
8604,0.06
8605,0.06
8606,0.06
8607,0.05
8608,0.07
8609,0.09
8610,0.1
8611,0.1
8612,0.09
8613,0.09
8614,0.09
8615,0.09
8616,0.09
8617,0.08
8618,0.08
8619,0.07
8620,0.07
8621,0.07
8622,0.07
8623,0.07
8624,0.06
8625,0.04
8626,0.02
8627,0.02
8628,0.02
8629,0.02
8630,0.01
8631,0.02
8632,0.04
8633,0.08
8634,0.09
8635,0.08
8636,0.08
8637,0.08
8638,0.07
8639,0.07
8640,0.07
8641,0.08
8642,0.08
8643,0.07
8644,0.07
8645,0.07
8646,0.07
8647,0.07
8648,0.06
8649,0.04
8650,0.02
8651,0.02
8652,0.02
8653,0.02
8654,0.01
8655,0.02
8656,0.04
8657,0.08
8658,0.09
8659,0.08
8660,0.08
8661,0.08
8662,0.07
8663,0.07
8664,0.07
8665,0.09
8666,0.08
8667,0.08
8668,0.08
8669,0.08
8670,0.09
8671,0.1
8672,0.08
8673,0.07
8674,0.07
8675,0.06
8676,0.06
8677,0.06
8678,0.06
8679,0.05
8680,0.07
8681,0.09
8682,0.1
8683,0.1
8684,0.09
8685,0.09
8686,0.09
8687,0.09
8688,0.09
8689,0.09
8690,0.08
8691,0.08
8692,0.08
8693,0.08
8694,0.09
8695,0.1
8696,0.08
8697,0.07
8698,0.07
8699,0.06
8700,0.06
8701,0.06
8702,0.06
8703,0.05
8704,0.07
8705,0.09
8706,0.1
8707,0.1
8708,0.09
8709,0.09
8710,0.09
8711,0.09
8712,0.09
8713,0.09
8714,0.08
8715,0.08
8716,0.08
8717,0.08
8718,0.09
8719,0.1
8720,0.08
8721,0.07
8722,0.07
8723,0.06
8724,0.06
8725,0.06
8726,0.06
8727,0.05
8728,0.07
8729,0.09
8730,0.1
8731,0.1
8732,0.09
8733,0.09
8734,0.09
8735,0.09
8736,0.09
8737,0.09
8738,0.08
8739,0.08
8740,0.08
8741,0.08
8742,0.09
8743,0.1
8744,0.08
8745,0.07
8746,0.07
8747,0.06
8748,0.06
8749,0.06
8750,0.06
8751,0.05
8752,0.07
8753,0.09
8754,0.1
8755,0.1
8756,0.09
8757,0.09
8758,0.09
8759,0.09
8760,0.09
